date,cumulative_confirmed,cumulative_deceased,population_male,population_female,rainfall_mm,snowfall_mm,dew_point,relative_humidity
2020-01-01,,,332576,345627,0.0,,-10.298611,52.912648
2020-01-02,,,332576,345627,0.042333,,-6.131944,68.129256
2020-01-03,,,332576,345627,0.4826,,-8.201389,65.251181
2020-01-04,,,332576,345627,0.0,,-7.909722,53.569701
2020-01-05,,,332576,345627,0.0,,-7.159722,48.685908
2020-01-06,,,332576,345627,0.0,,-9.409722,40.962254
2020-01-07,,,332576,345627,0.0,,-12.430556,38.885784
2020-01-08,,,332576,345627,0.0,,-11.479167,42.355286
2020-01-09,,,332576,345627,0.0,,-11.201389,36.759572
2020-01-10,,,332576,345627,0.4064,,-5.479167,60.794419
2020-01-11,,,332576,345627,0.3302,,-12.451389,46.836545
2020-01-12,,,332576,345627,0.0,,-11.138889,40.733147
2020-01-13,,,332576,345627,0.0508,,-11.458333,38.688958
2020-01-14,,,332576,345627,0.0,,-11.909722,32.921291
2020-01-15,,,332576,345627,0.0,,-12.006944,28.434598
2020-01-16,,,332576,345627,0.689429,,-9.305556,41.045751
2020-01-17,,,332576,345627,5.30225,,-0.305556,81.163455
2020-01-18,,,332576,345627,0.6096,,-9.451389,47.198885
2020-01-19,,,332576,345627,0.0,,-9.506944,47.693212
2020-01-20,,,332576,345627,0.0,,-6.75,56.298643
2020-01-21,,,332576,345627,0.435429,,-2.208333,71.176628
2020-01-22,,,332576,345627,2.794,,0.631944,79.789066
2020-01-23,,,332576,345627,0.0,,-3.055556,67.221377
2020-01-24,,,332576,345627,0.0,,-3.75,63.952553
2020-01-25,,,332576,345627,0.0,,-3.631944,58.626846
2020-01-26,,,332576,345627,0.0,,-4.729167,53.811228
2020-01-27,,,332576,345627,0.0,,-3.652778,62.831884
2020-01-28,,,332576,345627,0.0,,-7.006944,50.576665
2020-01-29,,,332576,345627,0.0,,-9.138889,50.028803
2020-01-30,,,332576,345627,0.0,,-7.381944,51.297906
2020-01-31,,,332576,345627,0.0508,,-9.215278,44.180974
2020-02-01,,,332576,345627,0.0,,-10.159722,37.322163
2020-02-02,,,332576,345627,0.0,,-6.784722,44.211358
2020-02-03,,,332576,345627,0.0,,-8.194444,36.623451
2020-02-04,,,332576,345627,0.5588,30.48,-5.625,61.253409
2020-02-05,,,332576,345627,1.749778,,-13.090278,67.032752
2020-02-06,,,332576,345627,0.0,,-13.909722,47.919996
2020-02-07,,,332576,345627,0.0,,-5.416667,45.431292
2020-02-08,,,332576,345627,0.0,,-6.1875,38.563709
2020-02-09,,,332576,345627,0.0,,-9.381944,28.865827
2020-02-10,,,332576,345627,0.181429,,-2.090278,60.691485
2020-02-11,,,332576,345627,6.9215,,-2.520833,85.505445
2020-02-12,,,332576,345627,2.54,,-5.25,81.210548
2020-02-13,,,332576,345627,0.0762,,-6.576389,65.31357
2020-02-14,,,332576,345627,0.0,,-4.986111,61.945615
2020-02-15,,,332576,345627,0.0,,-3.888889,52.933987
2020-02-16,,,332576,345627,0.0,,-6.451389,39.179264
2020-02-17,,,332576,345627,0.0,,-3.166667,41.759447
2020-02-18,,,332576,345627,0.0,,-2.472222,53.464159
2020-02-19,,,332576,345627,0.0,,-1.5625,65.253992
2020-02-20,,,332576,345627,0.0,,-2.548611,68.10128
2020-02-21,,,332576,345627,0.0,,-4.083333,72.090378
2020-02-22,,,332576,345627,0.145143,,0.173611,74.087199
2020-02-23,,,332576,345627,2.57175,,2.541667,81.075368
2020-02-24,,,332576,345627,1.3462,,-3.631944,55.698022
2020-02-25,,,332576,345627,0.0,,-15.131944,29.134613
2020-02-26,,,332576,345627,0.0,,-14.520833,41.234673
2020-02-27,,,332576,345627,0.0,,-13.5625,30.648732
2020-02-28,,,332576,345627,0.0,,-12.298611,27.426766
2020-02-29,,,332576,345627,0.0,,-11.034722,27.738447
2020-03-01,,,332576,345627,0.0,,-8.444444,30.514786
2020-03-02,,,332576,345627,0.0,,-6.263889,39.569688
2020-03-03,,,332576,345627,0.0,,-9.708333,33.665415
2020-03-04,,,332576,345627,0.0,,-8.444444,34.393253
2020-03-05,,,332576,345627,0.0,,-9.034722,31.498471
2020-03-06,,,332576,345627,0.0,,-6.381944,36.403664
2020-03-07,,,332576,345627,0.0,,-3.479167,43.579764
2020-03-08,,,332576,345627,0.290286,,0.8125,51.790765
2020-03-09,,,332576,345627,1.11125,,0.548611,63.514056
2020-03-10,,,332576,345627,0.0,,-1.458333,46.088927
2020-03-11,1.0,0.0,332576,345627,0.435429,,3.243056,58.546248
2020-03-12,2.0,0.0,332576,345627,1.693333,,5.180556,65.127082
2020-03-13,5.0,0.0,332576,345627,2.667,,5.777778,75.386408
2020-03-14,6.0,0.0,332576,345627,6.462889,,-1.076389,55.551202
2020-03-15,10.0,0.0,332576,345627,0.0,,-0.208333,54.529883
2020-03-16,14.0,0.0,332576,345627,0.0,,-1.979167,45.269499
2020-03-17,14.0,0.0,332576,345627,0.0,,-4.986111,33.184863
2020-03-18,17.0,0.0,332576,345627,0.127,,0.451389,54.644506
2020-03-19,20.0,0.0,332576,345627,4.136571,,-0.5,64.34297
2020-03-20,23.0,0.0,332576,345627,0.903111,,-3.416667,58.007015
2020-03-21,32.0,0.0,332576,345627,0.5715,,-0.229167,64.163447
2020-03-22,34.0,0.0,332576,345627,0.649111,,-3.180556,47.626557
2020-03-23,38.0,0.0,332576,345627,0.0,,-4.826389,34.318688
2020-03-24,43.0,0.0,332576,345627,0.0,,-5.131944,35.163649
2020-03-25,48.0,0.0,332576,345627,0.0,,-7.861111,25.214517
2020-03-26,55.0,0.0,332576,345627,0.0,,-1.888889,32.156135
2020-03-27,82.0,0.0,332576,345627,0.60325,,-0.993056,43.72757
2020-03-28,93.0,1.0,332576,345627,0.282222,,-9.708333,37.057899
2020-03-29,101.0,1.0,332576,345627,0.2032,,-10.986111,28.60357
2020-03-30,117.0,3.0,332576,345627,0.0,,-9.368056,26.566823
2020-03-31,129.0,4.0,332576,345627,0.0508,,-8.375,28.699055
2020-04-01,148.0,4.0,332576,345627,0.0,,-7.631944,21.519898
2020-04-02,163.0,5.0,332576,345627,0.0,,-7.756944,20.986338
2020-04-03,202.0,7.0,332576,345627,0.0,,-7.347222,26.70124
2020-04-04,225.0,7.0,332576,345627,0.254,,-3.951389,38.668486
2020-04-05,246.0,7.0,332576,345627,0.0,,-7.875,23.505973
2020-04-06,262.0,7.0,332576,345627,0.0,,-9.222222,19.859151
2020-04-07,307.0,8.0,332576,345627,0.0,,-9.854167,19.040123
2020-04-08,325.0,11.0,332576,345627,0.0,,-7.791667,22.180096
2020-04-09,369.0,12.0,332576,345627,0.0,,-4.625,25.641121
2020-04-10,407.0,13.0,332576,345627,0.0,,-6.895833,26.305641
2020-04-11,422.0,13.0,332576,345627,0.0,,-13.340278,16.254069
2020-04-12,440.0,16.0,332576,345627,0.0,,-5.201389,33.083694
2020-04-13,455.0,16.0,332576,345627,3.519714,,-1.368056,71.259004
2020-04-14,464.0,17.0,332576,345627,6.168571,,-5.548611,57.545588
2020-04-15,477.0,17.0,332576,345627,0.0,,-12.694444,26.407753
2020-04-16,491.0,18.0,332576,345627,0.0,,-8.097222,25.912991
2020-04-17,514.0,22.0,332576,345627,0.0,,-7.0625,26.70263
2020-04-18,527.0,23.0,332576,345627,0.0,,-6.756944,26.114862
2020-04-19,542.0,24.0,332576,345627,0.0,,-5.097222,30.236106
2020-04-20,566.0,24.0,332576,345627,0.0,,-4.583333,28.876654
2020-04-21,585.0,29.0,332576,345627,0.0,,-5.069444,26.31683
2020-04-22,600.0,29.0,332576,345627,0.028222,,-2.25,35.291453
2020-04-23,631.0,31.0,332576,345627,0.0,,-5.666667,26.289385
2020-04-24,651.0,33.0,332576,345627,0.0,,-6.083333,20.995597
2020-04-25,670.0,33.0,332576,345627,0.0,,-7.631944,21.860229
2020-04-26,688.0,33.0,332576,345627,0.0,,-8.881944,17.61837
2020-04-27,694.0,33.0,332576,345627,0.0,,-4.958333,19.7869
2020-04-28,738.0,35.0,332576,345627,0.0,,-5.833333,16.887083
2020-04-29,765.0,35.0,332576,345627,0.0,,-2.638889,25.01606
2020-04-30,811.0,35.0,332576,345627,0.084667,,-0.875,27.38988
2020-05-01,830.0,36.0,332576,345627,0.0,,-2.409722,19.860967
2020-05-02,883.0,38.0,332576,345627,0.0,,-8.118056,13.689263
2020-05-03,920.0,40.0,332576,345627,0.0,,-6.291667,16.089478
2020-05-04,944.0,40.0,332576,345627,0.0,,-6.298611,15.52872
2020-05-05,963.0,42.0,332576,345627,0.0,,-2.493056,26.098768
2020-05-06,981.0,44.0,332576,345627,0.0,,-3.180556,23.980796
2020-05-07,1012.0,44.0,332576,345627,0.0,,-6.555556,14.433754
2020-05-08,1030.0,45.0,332576,345627,0.0,,-9.888889,16.207459
2020-05-09,1050.0,46.0,332576,345627,0.0,,-5.736111,24.036598
2020-05-10,1073.0,46.0,332576,345627,0.0,,-3.173611,24.966638
2020-05-11,1086.0,48.0,332576,345627,0.169333,,3.743056,44.952992
2020-05-12,1111.0,50.0,332576,345627,1.197429,,2.305556,39.721167
2020-05-13,1124.0,53.0,332576,345627,0.0,,-5.055556,20.365478
2020-05-14,1149.0,54.0,332576,345627,0.0,,-5.958333,18.939194
2020-05-15,1180.0,56.0,332576,345627,0.0,,-5.798611,18.909808
2020-05-16,1194.0,56.0,332576,345627,0.0,,-4.381944,20.429327
2020-05-17,1210.0,57.0,332576,345627,0.0,,1.826389,29.976024
2020-05-18,1218.0,59.0,332576,345627,0.0,,-3.131944,17.773068
2020-05-19,1225.0,59.0,332576,345627,0.0,,-4.430556,16.252514
2020-05-20,1254.0,59.0,332576,345627,0.0,,-6.465278,16.45493
2020-05-21,1273.0,63.0,332576,345627,0.0,,-15.472222,9.544094
2020-05-22,1313.0,66.0,332576,345627,0.0,,-14.638889,10.401474
2020-05-23,1326.0,68.0,332576,345627,0.0,,-10.513889,12.668179
2020-05-24,1337.0,68.0,332576,345627,0.0,,-7.972222,15.38408
2020-05-25,1347.0,68.0,332576,345627,0.0,,-4.75,24.931835
2020-05-26,1362.0,68.0,332576,345627,0.7112,,0.569444,37.434196
2020-05-27,1383.0,69.0,332576,345627,0.0,,-4.222222,18.310915
2020-05-28,1434.0,70.0,332576,345627,0.1905,,1.423611,25.7205
2020-05-29,1445.0,71.0,332576,345627,0.09525,,3.409722,28.874696
2020-05-30,1464.0,71.0,332576,345627,0.818444,,4.618056,30.430049
2020-05-31,1476.0,71.0,332576,345627,1.306286,,7.763889,43.046797
2020-06-01,1486.0,71.0,332576,345627,0.254,,5.534722,35.216092
2020-06-02,1499.0,72.0,332576,345627,4.66725,,8.673611,48.524143
2020-06-03,1524.0,72.0,332576,345627,0.550333,,6.875,37.667599
2020-06-04,1543.0,73.0,332576,345627,0.112889,,3.263889,25.143034
2020-06-05,1559.0,74.0,332576,345627,0.0,,-0.673611,17.647995
2020-06-06,1575.0,74.0,332576,345627,0.60325,,6.729167,31.038218
2020-06-07,1592.0,75.0,332576,345627,2.4638,,-5.291667,15.50741
2020-06-08,1600.0,75.0,332576,345627,0.0,,-2.631944,18.435871
2020-06-09,1612.0,76.0,332576,345627,0.0,,-9.736111,17.292643
2020-06-10,1623.0,77.0,332576,345627,0.0,,-8.861111,15.525411
2020-06-11,1652.0,77.0,332576,345627,0.0,,-8.194444,13.121108
2020-06-12,1669.0,77.0,332576,345627,0.0,,3.402778,29.184297
2020-06-13,1682.0,78.0,332576,345627,0.34925,,5.9375,37.66222
2020-06-14,1693.0,80.0,332576,345627,1.27,,6.222222,38.067958
2020-06-15,1705.0,80.0,332576,345627,1.326444,,3.270833,27.561035
2020-06-16,1733.0,80.0,332576,345627,0.254,,5.333333,34.94256
2020-06-17,1752.0,81.0,332576,345627,0.5715,,0.902778,23.02793
2020-06-18,1763.0,82.0,332576,345627,0.0,,-8.590278,11.581482
2020-06-19,1777.0,82.0,332576,345627,0.0,,-6.715278,14.158589
2020-06-20,1792.0,82.0,332576,345627,0.0,,-2.180556,19.822977
2020-06-21,1805.0,82.0,332576,345627,0.0,,-7.527778,11.636293
2020-06-22,1828.0,82.0,332576,345627,0.0,,-3.222222,14.897484
2020-06-23,1848.0,82.0,332576,345627,0.127,,4.659722,27.752515
2020-06-24,1879.0,84.0,332576,345627,0.719667,,6.368056,36.665189
2020-06-25,1937.0,85.0,332576,345627,0.056444,,3.451389,25.933646
2020-06-26,1987.0,85.0,332576,345627,0.0,,0.777778,20.274623
2020-06-27,2021.0,85.0,332576,345627,0.0,,-3.479167,14.681801
2020-06-28,2064.0,85.0,332576,345627,0.0,,-2.770833,15.906931
2020-06-29,2109.0,85.0,332576,345627,0.0,,-2.055556,16.751845
2020-06-30,2143.0,85.0,332576,345627,0.0,,-3.694444,15.722673
2020-07-01,2178.0,86.0,332576,345627,0.0,,-5.604167,14.809581
2020-07-02,2277.0,87.0,332576,345627,0.0,,-0.916667,18.744757
2020-07-03,2331.0,87.0,332576,345627,0.0,,4.9375,26.439143
2020-07-04,2410.0,87.0,332576,345627,0.296333,,9.590278,40.441741
2020-07-05,2471.0,87.0,332576,345627,0.0762,,7.25,33.645972
2020-07-06,2531.0,88.0,332576,345627,0.254,,6.3125,31.503009
2020-07-07,2618.0,89.0,332576,345627,0.5334,,4.506944,26.054424
2020-07-08,2717.0,92.0,332576,345627,0.0,,-0.104167,17.501851
2020-07-09,2816.0,94.0,332576,345627,0.0,,-0.951389,15.24909
2020-07-10,2886.0,95.0,332576,345627,0.0,,-1.777778,13.593311
2020-07-11,2966.0,95.0,332576,345627,0.0,,-3.631944,11.854806
2020-07-12,3076.0,96.0,332576,345627,0.0,,1.868056,17.621861
2020-07-13,3134.0,96.0,332576,345627,0.072571,,3.861111,19.765755
2020-07-14,3200.0,97.0,332576,345627,0.084667,,6.547619,30.881525
2020-07-15,3362.0,98.0,332576,345627,0.084667,,6.293651,30.166527
2020-07-16,3464.0,99.0,332576,345627,0.296333,,8.729167,36.439507
2020-07-17,3578.0,99.0,332576,345627,2.0955,,9.638889,40.421139
2020-07-18,3679.0,100.0,332576,345627,2.249714,,9.826389,39.389986
2020-07-19,3775.0,100.0,332576,345627,0.98425,,8.555556,35.828362
2020-07-20,3861.0,102.0,332576,345627,2.213429,,9.493056,41.472197
2020-07-21,3920.0,103.0,332576,345627,0.145143,,7.604167,35.189083
2020-07-22,4005.0,104.0,332576,345627,4.608286,,10.416667,47.692668
2020-07-23,4131.0,106.0,332576,345627,2.57175,,12.993056,61.782823
2020-07-24,4227.0,108.0,332576,345627,3.683,,14.423611,66.00024
2020-07-25,4318.0,110.0,332576,345627,11.909778,,15.083333,73.219399
2020-07-26,4405.0,111.0,332576,345627,3.20675,,15.395833,71.818411
2020-07-27,4466.0,113.0,332576,345627,3.076222,,15.298611,74.295805
2020-07-28,4542.0,114.0,332576,345627,4.608286,,14.784722,65.940473
2020-07-29,4627.0,117.0,332576,345627,2.7686,,10.798611,45.768051
2020-07-30,4688.0,117.0,332576,345627,0.0,,5.263889,28.823408
2020-07-31,4735.0,120.0,332576,345627,0.0,,8.904762,37.452912
2020-08-01,4800.0,123.0,332576,345627,2.8575,,8.868056,43.12346
2020-08-02,4860.0,123.0,332576,345627,2.140857,,9.291667,41.147147
2020-08-03,4879.0,123.0,332576,345627,1.923143,,10.013889,47.987044
2020-08-04,4947.0,124.0,332576,345627,0.889,,7.270833,32.002165
2020-08-05,4989.0,128.0,332576,345627,0.0,,4.819444,27.426415
2020-08-06,5029.0,129.0,332576,345627,0.0635,,7.305556,33.85864
2020-08-07,5059.0,130.0,332576,345627,0.0635,,5.048611,28.537304
2020-08-08,5089.0,132.0,332576,345627,0.0,,5.166667,29.448807
2020-08-09,5136.0,134.0,332576,345627,0.381,,4.027778,24.871104
2020-08-10,5161.0,134.0,332576,345627,0.0,,1.715278,20.422237
2020-08-11,5196.0,134.0,332576,345627,0.0,,-1.256944,17.164464
2020-08-12,5226.0,134.0,332576,345627,0.0,,-0.3125,18.521706
2020-08-13,5264.0,134.0,332576,345627,0.084667,,3.673611,23.068179
2020-08-14,5303.0,134.0,332576,345627,0.112889,,4.902778,25.722467
2020-08-15,5318.0,136.0,332576,345627,0.0254,,4.701389,25.419702
2020-08-16,5337.0,137.0,332576,345627,1.693333,,7.048611,36.090321
2020-08-17,5365.0,139.0,332576,345627,0.326571,,5.986111,29.724057
2020-08-18,5383.0,140.0,332576,345627,0.0,,4.694444,28.242898
2020-08-19,5416.0,143.0,332576,345627,0.2794,,4.125,26.088413
2020-08-20,5474.0,146.0,332576,345627,0.15875,,4.722222,25.13895
2020-08-21,5502.0,148.0,332576,345627,0.0,,4.631944,25.515818
2020-08-22,5526.0,148.0,332576,345627,0.0,,3.458333,23.762541
2020-08-23,5601.0,149.0,332576,345627,1.397,,3.763889,24.983749
2020-08-24,5619.0,149.0,332576,345627,0.0,,5.020833,29.037238
2020-08-25,5633.0,149.0,332576,345627,0.056444,,6.166667,32.247236
2020-08-26,5668.0,150.0,332576,345627,1.100667,,5.847222,30.43314
2020-08-27,5721.0,152.0,332576,345627,1.0795,,9.152778,39.405481
2020-08-28,5743.0,153.0,332576,345627,0.423333,,6.888889,30.070407
2020-08-29,5773.0,155.0,332576,345627,1.524,,9.576389,42.343001
2020-08-30,5795.0,155.0,332576,345627,1.04775,,7.902778,37.399255
2020-08-31,5809.0,156.0,332576,345627,0.0,,4.569444,30.342607
2020-09-01,5838.0,158.0,332576,345627,0.508,,7.993056,46.568803
2020-09-02,5861.0,159.0,332576,345627,0.508,,5.069444,42.556115
2020-09-03,5898.0,159.0,332576,345627,0.0,,0.930556,24.128362
2020-09-04,5914.0,160.0,332576,345627,0.0,,4.020833,27.305891
2020-09-05,5937.0,160.0,332576,345627,0.141111,,3.527778,25.575565
2020-09-06,5947.0,160.0,332576,345627,0.141111,,4.305556,29.297723
2020-09-07,5958.0,161.0,332576,345627,0.0,,0.576389,20.5321
2020-09-08,5979.0,161.0,332576,345627,0.0,,-1.625,21.971945
2020-09-09,5985.0,162.0,332576,345627,11.14425,,2.145833,79.347036
2020-09-10,6012.0,163.0,332576,345627,6.1595,,2.902778,85.841442
2020-09-11,6024.0,164.0,332576,345627,0.2032,,5.395833,68.064685
2020-09-12,6038.0,165.0,332576,345627,0.0,,3.472222,47.146031
2020-09-13,6056.0,167.0,332576,345627,0.0,,0.708333,34.183585
2020-09-14,6077.0,167.0,332576,345627,0.0,,2.055556,37.100556
2020-09-15,6093.0,168.0,332576,345627,0.0,,4.256944,41.256988
2020-09-16,6107.0,168.0,332576,345627,0.0,,0.0,27.794334
2020-09-17,6144.0,169.0,332576,345627,0.0,,0.548611,29.559364
2020-09-18,6172.0,169.0,332576,345627,0.0,,1.81746,34.717725
2020-09-19,6198.0,170.0,332576,345627,0.0,,3.293651,39.428199
2020-09-20,6206.0,171.0,332576,345627,0.0,,2.412698,33.99359
2020-09-21,6226.0,172.0,332576,345627,0.0,,0.916667,28.881724
2020-09-22,6247.0,173.0,332576,345627,0.22225,,2.048611,31.097911
2020-09-23,6270.0,173.0,332576,345627,0.2286,,1.138889,27.276353
2020-09-24,6327.0,174.0,332576,345627,0.0,,0.444444,26.052356
2020-09-25,6381.0,177.0,332576,345627,0.0,,-2.881944,20.756056
2020-09-26,6422.0,177.0,332576,345627,0.0,,-3.301587,18.053436
2020-09-27,6452.0,177.0,332576,345627,0.0,,-5.402778,15.274446
2020-09-28,6499.0,177.0,332576,345627,0.0,,-2.118056,33.018315
2020-09-29,6547.0,177.0,332576,345627,0.0,,-5.638889,27.846932
2020-09-30,6607.0,177.0,332576,345627,0.0,,-8.138889,18.402342
2020-10-01,6660.0,178.0,332576,345627,0.0,,-4.256944,22.527712
2020-10-02,6757.0,179.0,332576,345627,0.0,,-2.513889,28.39058
2020-10-03,6831.0,180.0,332576,345627,0.0,,-8.069444,18.204088
2020-10-04,6878.0,180.0,332576,345627,0.0,,-2.013889,30.998413
2020-10-05,6928.0,180.0,332576,345627,0.0,,-5.479167,20.473137
2020-10-06,7065.0,180.0,332576,345627,0.0,,-10.625,12.994723
2020-10-07,7185.0,180.0,332576,345627,0.0,,-9.81746,14.548578
2020-10-08,7286.0,180.0,332576,345627,0.0,,-11.145833,12.859677
2020-10-09,7420.0,180.0,332576,345627,0.0,,-10.309524,14.207057
2020-10-10,7584.0,180.0,332576,345627,0.0,,-8.579365,16.726766
2020-10-11,7682.0,180.0,332576,345627,0.0,,-8.277778,17.446298
2020-10-12,7808.0,181.0,332576,345627,0.0,,-10.527778,15.768793
2020-10-13,7926.0,183.0,332576,345627,0.0,,-11.131944,15.328197
2020-10-14,8126.0,184.0,332576,345627,0.0,,-11.659722,13.239793
2020-10-15,8428.0,184.0,332576,345627,0.0,,-7.638889,18.693858
2020-10-16,8605.0,185.0,332576,345627,0.0,,-5.277778,28.329475
2020-10-17,8794.0,186.0,332576,345627,0.0,,-6.309524,24.011365
2020-10-18,8943.0,186.0,332576,345627,0.0,,-10.833333,14.510569
2020-10-19,9066.0,187.0,332576,345627,0.0,,-8.923611,16.039156
2020-10-20,9218.0,187.0,332576,345627,0.0,,-9.930556,16.243393
2020-10-21,9503.0,188.0,332576,345627,0.0,,-11.194444,15.749545
2020-10-22,9685.0,189.0,332576,345627,0.0,,-10.847222,15.044532
2020-10-23,9880.0,190.0,332576,345627,0.0,,-6.194444,28.031042
2020-10-24,10130.0,192.0,332576,345627,0.0,,-3.825397,38.556463
2020-10-25,10284.0,193.0,332576,345627,0.0,,-3.968254,24.64863
2020-10-26,10452.0,196.0,332576,345627,0.381,30.48,-6.097222,65.715236
2020-10-27,10589.0,196.0,332576,345627,8.5725,30.48,-8.47619,84.307498
2020-10-28,10857.0,200.0,332576,345627,1.923143,30.48,-4.071429,83.600003
2020-10-29,11116.0,201.0,332576,345627,0.310444,30.48,-1.34127,73.219621
2020-10-30,11451.0,205.0,332576,345627,0.0,,0.706349,64.714019
2020-10-31,11636.0,209.0,332576,345627,0.0,,0.420635,52.977565
2020-11-01,11859.0,212.0,332576,345627,0.0,,-1.865079,43.495326
2020-11-02,12102.0,213.0,332576,345627,0.0,,-1.325397,45.85486
2020-11-03,12362.0,214.0,332576,345627,0.0,,-0.958333,45.435017
2020-11-04,12627.0,219.0,332576,345627,0.0,,-1.460317,39.413803
2020-11-05,12828.0,225.0,332576,345627,0.0,,-2.47619,34.247369
2020-11-06,13170.0,227.0,332576,345627,0.0,,-4.104167,33.061517
2020-11-07,13493.0,234.0,332576,345627,0.0,,-3.951389,29.404124
2020-11-08,13768.0,239.0,332576,345627,4.021667,,0.515873,45.57369
2020-11-09,14226.0,242.0,332576,345627,1.128889,,-4.214286,39.667183
2020-11-10,14528.0,242.0,332576,345627,0.112889,,-9.18254,46.177939
2020-11-11,14943.0,245.0,332576,345627,0.0,,-10.253968,41.080332
2020-11-12,15548.0,249.0,332576,345627,0.0,,-11.180556,32.576786
2020-11-13,15864.0,255.0,332576,345627,0.0,,-10.541667,32.803543
2020-11-14,16194.0,256.0,332576,345627,0.0,,-7.756944,34.094733
2020-11-15,16449.0,260.0,332576,345627,0.0,,-14.404762,22.446513
2020-11-16,16821.0,261.0,332576,345627,0.0,,-10.111111,26.25837
2020-11-17,17433.0,271.0,332576,345627,0.0,,-8.325397,30.116073
2020-11-18,18425.0,275.0,332576,345627,0.0,,-7.134921,28.644946
2020-11-19,19541.0,277.0,332576,345627,0.0,,-1.340278,34.392937
2020-11-20,20539.0,284.0,332576,345627,0.0,,-3.340278,35.563076
2020-11-21,21178.0,286.0,332576,345627,0.084667,,-2.968254,40.197382
2020-11-22,21885.0,294.0,332576,345627,0.0,,-0.563492,55.235125
2020-11-23,22624.0,302.0,332576,345627,0.0,,3.472222,75.91071
2020-11-24,23162.0,311.0,332576,345627,1.197429,,-0.743056,56.674888
2020-11-25,23734.0,313.0,332576,345627,0.6096,,-6.208333,50.605371
2020-11-26,24393.0,320.0,332576,345627,0.0,,-8.865079,40.515993
2020-11-27,25134.0,324.0,332576,345627,0.0,,-9.095238,42.262209
2020-11-28,25847.0,332.0,332576,345627,0.943429,,-2.4375,70.512077
2020-11-29,26194.0,335.0,332576,345627,0.2794,,-7.430556,52.593357
2020-11-30,26784.0,341.0,332576,345627,0.0,,-11.472222,42.998979
2020-12-01,27678.0,342.0,332576,345627,0.0,,-11.298611,40.753754
2020-12-02,28125.0,348.0,332576,345627,0.381,,-8.626984,55.916084
2020-12-03,28707.0,358.0,332576,345627,0.1524,,-12.215278,55.056958
2020-12-04,29458.0,366.0,332576,345627,0.084667,,-12.563492,44.767982
2020-12-05,29958.0,381.0,332576,345627,0.0,,-11.15873,36.413152
2020-12-06,30339.0,384.0,332576,345627,0.0,,-12.357143,34.11865
2020-12-07,30968.0,385.0,332576,345627,0.0,,-13.513889,26.111861
2020-12-08,31362.0,395.0,332576,345627,0.0,,-13.634921,28.2824
2020-12-09,31963.0,403.0,332576,345627,0.0,,-13.638889,28.586766
2020-12-10,32581.0,408.0,332576,345627,0.3175,,-7.159722,53.526941
2020-12-11,33137.0,412.0,332576,345627,5.81025,,-1.395833,72.595915
2020-12-12,33702.0,418.0,332576,345627,0.290286,,-8.138889,57.809266
2020-12-13,34149.0,421.0,332576,345627,2.497667,,-9.009259,59.976357
2020-12-14,34604.0,427.0,332576,345627,0.0254,,-10.5625,59.032406
2020-12-15,35044.0,435.0,332576,345627,0.0,,-8.479167,59.524777
2020-12-16,35608.0,442.0,332576,345627,0.0,,-10.520833,55.668433
2020-12-17,36137.0,460.0,332576,345627,0.0,,-9.833333,54.461415
2020-12-18,36552.0,463.0,332576,345627,0.0,,-8.527778,46.723567
2020-12-19,36998.0,470.0,332576,345627,0.0,,-7.5,58.314137
2020-12-20,37272.0,474.0,332576,345627,0.0,,-9.388889,48.282918
2020-12-21,37561.0,479.0,332576,345627,0.0,,-9.916667,39.466549
2020-12-22,37859.0,484.0,332576,345627,0.0,,-7.923611,46.976971
2020-12-23,38192.0,500.0,332576,345627,0.0,,-15.152778,26.953732
2020-12-24,38676.0,512.0,332576,345627,0.0,,-19.173611,30.900395
2020-12-25,39100.0,524.0,332576,345627,0.0,,-16.541667,33.474321
2020-12-26,39224.0,531.0,332576,345627,0.0,,-14.277778,34.472951
2020-12-27,39462.0,538.0,332576,345627,0.0,,-11.576389,35.661044
2020-12-28,39689.0,548.0,332576,345627,0.0,,-7.388889,44.815105
2020-12-29,40038.0,551.0,332576,345627,0.465667,,-5.347222,56.741501
2020-12-30,40373.0,557.0,332576,345627,0.254,,-10.479167,52.340767
2020-12-31,40808.0,569.0,332576,345627,0.0,,-13.701389,44.901112
2021-01-01,41121.0,573.0,332576,345627,0.0,,-13.833333,40.343851
2021-01-02,41385.0,578.0,332576,345627,0.0,,-13.298611,39.840027
2021-01-03,41730.0,584.0,332576,345627,0.0,,-10.1875,45.116385
2021-01-04,42012.0,589.0,332576,345627,0.0,,-9.597222,41.301906
2021-01-05,42490.0,598.0,332576,345627,0.0,,-10.055556,41.018484
2021-01-06,42929.0,613.0,332576,345627,0.0,,-11.3125,37.985853
2021-01-07,43382.0,628.0,332576,345627,0.0,,-14.340278,31.412329
2021-01-08,43807.0,636.0,332576,345627,0.0,,-14.604167,28.494134
2021-01-09,44177.0,639.0,332576,345627,0.0,,-11.138889,44.28294
2021-01-10,44442.0,644.0,332576,345627,2.582333,,-5.944444,75.439862
2021-01-11,44698.0,648.0,332576,345627,0.169333,,-9.291667,70.106529
2021-01-12,44923.0,654.0,332576,345627,0.0,,-11.604167,52.216063
2021-01-13,45273.0,658.0,332576,345627,0.0,,-12.944444,37.104326
2021-01-14,45614.0,662.0,332576,345627,0.0,,-10.729167,31.458543
2021-01-15,45903.0,676.0,332576,345627,0.0,,-16.659722,21.859229
2021-01-16,46179.0,686.0,332576,345627,0.0,,-14.131944,27.962562
2021-01-17,46349.0,694.0,332576,345627,0.0,,-11.8125,32.684317
2021-01-18,46508.0,696.0,332576,345627,0.0,,-13.833333,27.024602
2021-01-19,46763.0,702.0,332576,345627,0.762,,-6.013889,60.97987
2021-01-20,46975.0,707.0,332576,345627,1.241778,,-5.5625,72.82951
2021-01-21,47205.0,712.0,332576,345627,0.0254,,-3.270833,68.564455
2021-01-22,47410.0,721.0,332576,345627,0.0,,-3.479167,63.380394
2021-01-23,47587.0,733.0,332576,345627,0.028222,,-1.847222,60.20332
2021-01-24,47727.0,741.0,332576,345627,0.0762,,-5.604167,49.80735
2021-01-25,47870.0,742.0,332576,345627,0.846667,,-5.805556,66.531942
2021-01-26,48020.0,746.0,332576,345627,1.651,30.48,-6.659722,70.542375
2021-01-27,48177.0,750.0,332576,345627,0.818444,50.8,-11.236111,62.137458
2021-01-28,48364.0,755.0,332576,345627,0.0,,-11.388889,51.00812
2021-01-29,48839.0,758.0,332576,345627,0.0,,-9.041667,46.435582
2021-01-30,49093.0,762.0,332576,345627,0.145143,,-6.638889,49.211355
2021-01-31,49224.0,767.0,332576,345627,0.423333,,-8.47619,49.653701
2021-02-01,49412.0,768.0,332576,345627,0.0,,-8.631944,45.987225
2021-02-02,49530.0,770.0,332576,345627,0.0,,-5.659722,40.69836
2021-02-03,49691.0,778.0,332576,345627,0.0,,0.284722,52.609137
2021-02-04,49845.0,781.0,332576,345627,0.0,,-4.875,38.347031
2021-02-05,50015.0,787.0,332576,345627,0.0,,-13.916667,29.014259
2021-02-06,50139.0,788.0,332576,345627,0.0,,-12.097222,30.366043
2021-02-07,50237.0,790.0,332576,345627,0.0,,-16.729167,19.542542
2021-02-08,50357.0,790.0,332576,345627,0.0,,-18.722222,14.711681
2021-02-09,50513.0,793.0,332576,345627,0.0,,-15.604167,15.626053
2021-02-10,50637.0,799.0,332576,345627,0.0,,-14.0625,19.424557
2021-02-11,50744.0,802.0,332576,345627,0.0,,-7.715278,37.173549
2021-02-12,50867.0,809.0,332576,345627,0.0,,-8.809524,38.761601
2021-02-13,51113.0,813.0,332576,345627,0.0635,,-4.847222,53.450157
2021-02-14,51179.0,816.0,332576,345627,3.640667,30.48,-13.513889,69.399837
2021-02-15,51245.0,817.0,332576,345627,0.889,30.48,-16.1875,72.904794
2021-02-16,51315.0,822.0,332576,345627,0.9525,50.8,-5.638889,83.072974
2021-02-17,51431.0,825.0,332576,345627,3.265714,30.48,-6.590278,71.968597
2021-02-18,51557.0,829.0,332576,345627,1.143,50.8,-5.784722,80.376432
2021-02-19,51644.0,837.0,332576,345627,0.4826,30.48,-10.798611,51.850279
2021-02-20,51738.0,837.0,332576,345627,0.028222,,-8.539683,44.946795
2021-02-21,51834.0,839.0,332576,345627,0.0,,-11.708333,30.117654
2021-02-22,51913.0,839.0,332576,345627,0.0,,-12.659722,32.682979
2021-02-23,52025.0,842.0,332576,345627,0.0,,-8.354167,37.538501
2021-02-24,52129.0,844.0,332576,345627,0.0,,-9.611111,32.813008
2021-02-25,52213.0,848.0,332576,345627,0.0,,-9.611111,40.570753
2021-02-26,52421.0,854.0,332576,345627,0.0508,,-9.381944,41.419396
2021-02-27,52434.0,858.0,332576,345627,0.0,,-17.75,18.423078
2021-02-28,52528.0,858.0,332576,345627,0.0,,-16.881944,24.380781
2021-03-01,52582.0,862.0,332576,345627,0.0762,,-15.458333,29.335152
2021-03-02,52682.0,863.0,332576,345627,0.0,,-17.4375,23.123802
2021-03-03,52783.0,866.0,332576,345627,0.0,,-15.791667,20.991072
2021-03-04,52863.0,868.0,332576,345627,0.0,,-9.694444,26.090235
2021-03-05,52965.0,870.0,332576,345627,0.1778,,-6.708333,39.437232
2021-03-06,53036.0,874.0,332576,345627,0.0,,-5.611111,41.926605
2021-03-07,53036.0,874.0,332576,345627,0.0,,-8.819444,30.855924
2021-03-08,53149.0,879.0,332576,345627,0.0,,-8.166667,27.234634
2021-03-09,53229.0,879.0,332576,345627,0.056444,,-6.048611,30.372622
2021-03-10,53321.0,882.0,332576,345627,0.169333,,-8.708333,28.948337
2021-03-11,53397.0,884.0,332576,345627,0.0,,-16.444444,17.999292
2021-03-12,53490.0,884.0,332576,345627,0.0,,-21.756944,9.117927
2021-03-13,53555.0,885.0,332576,345627,0.0,,-15.590278,20.517633
2021-03-14,53594.0,886.0,332576,345627,0.28575,,-8.513889,48.177477
2021-03-15,53654.0,886.0,332576,345627,1.397,,-5.444444,43.772246
2021-03-16,53718.0,887.0,332576,345627,0.0,,-12.020833,25.505395
2021-03-17,53770.0,889.0,332576,345627,0.9652,,-4.416667,54.10076
2021-03-18,53855.0,890.0,332576,345627,0.0254,,-6.743056,40.179354
2021-03-19,53932.0,892.0,332576,345627,0.0,,-8.659722,28.751047
2021-03-20,53999.0,894.0,332576,345627,0.0,,-10.805556,20.020422
2021-03-21,54052.0,894.0,332576,345627,0.0,,-7.381944,24.030415
2021-03-22,54118.0,894.0,332576,345627,0.0,,-12.0625,22.398089
2021-03-23,54192.0,895.0,332576,345627,0.0,,-11.611111,27.244658
2021-03-24,54237.0,896.0,332576,345627,4.79425,,-2.395833,68.765663
2021-03-25,54322.0,898.0,332576,345627,6.237111,,-4.847222,67.100963
2021-03-26,54389.0,900.0,332576,345627,0.423333,,-4.229167,52.522536
2021-03-27,54446.0,901.0,332576,345627,0.1524,,-5.715278,43.731532
2021-03-28,54495.0,901.0,332576,345627,0.0,,-7.173611,34.440506
2021-03-29,54545.0,901.0,332576,345627,0.0,,-8.493056,25.432307
2021-03-30,54602.0,901.0,332576,345627,0.0,,-12.944444,13.905601
2021-03-31,54726.0,901.0,332576,345627,0.0762,,-16.979167,18.488453
2021-04-01,54836.0,901.0,332576,345627,0.0,,-13.361111,21.8585
2021-04-02,54906.0,904.0,332576,345627,0.0,,-9.291667,21.057096
2021-04-03,54906.0,904.0,332576,345627,0.0,,-3.152778,26.348408
2021-04-04,54906.0,904.0,332576,345627,0.0,,-2.590278,28.196693
2021-04-05,55065.0,905.0,332576,345627,0.0,,-6.270833,20.403181
2021-04-06,55145.0,909.0,332576,345627,0.0,,-14.006944,11.199175
2021-04-07,55201.0,909.0,332576,345627,0.0,,-16.013889,13.484525
2021-04-08,55296.0,909.0,332576,345627,0.0,,-16.201389,11.243827
2021-04-09,55354.0,909.0,332576,345627,0.0,,-13.173611,13.036361
2021-04-10,55354.0,909.0,332576,345627,0.0,,-16.354167,13.107983
2021-04-11,55354.0,909.0,332576,345627,0.0,,-17.534722,9.846133
2021-04-12,55571.0,909.0,332576,345627,0.0,,-10.833333,17.920177
2021-04-13,55664.0,910.0,332576,345627,0.0,,-8.847222,25.017916
2021-04-14,55737.0,911.0,332576,345627,0.0,,-4.888889,33.269735
2021-04-15,55801.0,911.0,332576,345627,0.0,,-5.569444,30.696457
2021-04-16,55897.0,912.0,332576,345627,0.0,,-13.180556,18.19077
2021-04-17,55897.0,912.0,332576,345627,0.0635,,-5.777778,44.35278
2021-04-18,55897.0,912.0,332576,345627,0.689429,,-2.291667,62.188456
2021-04-19,56086.0,915.0,332576,345627,0.0,,-5.243056,41.831765
2021-04-20,56141.0,915.0,332576,345627,0.0,,-9.111111,27.732439
2021-04-21,56202.0,922.0,332576,345627,0.0,,-7.284722,35.616537
2021-04-22,56282.0,923.0,332576,345627,0.0,,-8.847222,24.53657
2021-04-23,56336.0,924.0,332576,345627,0.0762,,-11.013889,18.92568
2021-04-24,56336.0,924.0,332576,345627,0.056444,,-7.150794,26.749251
2021-04-25,56336.0,924.0,332576,345627,0.0,,-10.409722,13.938306
2021-04-26,56556.0,925.0,332576,345627,0.0,,-15.402778,9.486738
2021-04-27,56626.0,925.0,332576,345627,0.0,,-10.145833,17.065953
2021-04-28,56711.0,929.0,332576,345627,2.116667,,-1.930556,47.491083
2021-04-29,56772.0,929.0,332576,345627,3.52425,,1.076389,54.207953
2021-04-30,56899.0,929.0,332576,345627,0.0762,,-3.354167,30.249134
2021-05-01,56899.0,929.0,332576,345627,0.0,,-2.416667,28.9672
2021-05-02,56899.0,929.0,332576,345627,0.0,,-8.347222,13.615406
2021-05-03,57121.0,931.0,332576,345627,0.0635,,-8.222222,20.489185
2021-05-04,57211.0,931.0,332576,345627,1.27,,1.979167,59.448546
2021-05-05,57274.0,932.0,332576,345627,0.1016,,-4.479167,22.56596
2021-05-06,57352.0,933.0,332576,345627,0.0,,-3.118056,24.87234
2021-05-07,57427.0,934.0,332576,345627,0.1905,,1.541667,29.108254
2021-05-08,57427.0,934.0,332576,345627,0.8636,,-5.402778,20.98863
2021-05-09,57427.0,934.0,332576,345627,0.0,,-6.548611,20.171511
2021-05-10,57582.0,936.0,332576,345627,0.0,,-5.083333,24.707615
2021-05-11,57638.0,937.0,332576,345627,0.0,,-6.180556,23.049264
2021-05-12,57705.0,937.0,332576,345627,0.0254,,0.888889,45.78285
2021-05-13,57776.0,938.0,332576,345627,0.0,,1.520833,37.529043
2021-05-14,57848.0,938.0,332576,345627,0.0,,-1.4375,23.375218
2021-05-15,57848.0,938.0,332576,345627,0.09525,,-0.25,26.953664
2021-05-16,57848.0,938.0,332576,345627,0.056444,,0.069444,28.226012
2021-05-17,57990.0,938.0,332576,345627,0.3556,,-5.069444,22.960727
2021-05-18,58032.0,939.0,332576,345627,1.886857,,1.472222,53.578917
2021-05-19,58080.0,940.0,332576,345627,1.326444,,4.576389,59.405829
2021-05-20,58137.0,942.0,332576,345627,0.834571,,1.402778,32.929895
2021-05-21,58178.0,945.0,332576,345627,0.0,,-4.597222,17.943796
2021-05-22,58178.0,945.0,332576,345627,0.225778,,1.645833,33.202905
2021-05-23,58178.0,945.0,332576,345627,0.310444,,-0.791667,28.240752
2021-05-24,58260.0,937.0,332576,345627,0.0,,-17.708333,8.055577
2021-05-25,58298.0,939.0,332576,345627,0.0,,-14.506944,8.978844
2021-05-26,58339.0,939.0,332576,345627,0.0,,-14.736111,8.547205
2021-05-27,58377.0,942.0,332576,345627,0.0,,-11.3125,10.722592
2021-05-28,58408.0,942.0,332576,345627,0.1524,,-2.881944,20.822246
2021-05-29,58408.0,942.0,332576,345627,0.0,,-0.743056,24.944679
2021-05-30,58408.0,942.0,332576,345627,0.635,,2.013889,33.448137
2021-05-31,58408.0,942.0,332576,345627,1.4605,,8.027778,61.282487
2021-06-01,58494.0,943.0,332576,345627,3.499556,,5.277778,55.60898
2021-06-02,58514.0,944.0,332576,345627,0.036286,,3.631944,38.546956
2021-06-03,58550.0,945.0,332576,345627,0.28575,,2.951389,32.901432
2021-06-04,58593.0,949.0,332576,345627,1.3716,,4.986111,35.421729
2021-06-05,58593.0,949.0,332576,345627,0.084667,,2.597222,27.801068
2021-06-06,58593.0,949.0,332576,345627,0.084667,,3.5,28.511298
2021-06-07,58631.0,951.0,332576,345627,0.127,,-0.888889,20.33655
2021-06-08,58652.0,952.0,332576,345627,0.0,,-10.145833,9.85211
2021-06-09,58678.0,953.0,332576,345627,0.0,,-14.430556,7.223598
2021-06-10,58698.0,954.0,332576,345627,0.0,,-12.708333,7.733385
2021-06-11,58733.0,954.0,332576,345627,0.0,,-11.190476,7.699996
2021-06-12,58733.0,954.0,332576,345627,0.0,,-5.520833,15.034018
2021-06-13,58733.0,954.0,332576,345627,0.0,,-0.055556,20.299101
2021-06-14,58790.0,958.0,332576,345627,0.0,,-3.694444,15.625593
2021-06-15,58815.0,958.0,332576,345627,0.0,,0.111111,19.326376
2021-06-16,58835.0,958.0,332576,345627,0.6985,,0.666667,18.108349
2021-06-17,58858.0,959.0,332576,345627,0.0,,1.465278,18.061504
2021-06-18,58892.0,960.0,332576,345627,1.0922,,-0.680556,16.750951
2021-06-19,58892.0,960.0,332576,345627,0.508,,0.638889,17.601155
2021-06-20,58892.0,960.0,332576,345627,0.762,,3.111111,21.032418
2021-06-21,58947.0,961.0,332576,345627,0.0,,3.465278,22.849363
2021-06-22,58976.0,962.0,332576,345627,0.0,,7.625,35.7527
2021-06-23,58999.0,963.0,332576,345627,0.0,,-0.541667,16.513035
2021-06-24,59024.0,963.0,332576,345627,0.536222,,6.694444,32.478968
2021-06-25,59043.0,963.0,332576,345627,1.1684,,6.131944,35.402223
2021-06-26,59043.0,963.0,332576,345627,0.0,,0.097222,25.033156
2021-06-27,59043.0,963.0,332576,345627,1.9685,,7.031746,47.212301
2021-06-28,59085.0,963.0,332576,345627,8.60425,,9.47619,62.51372
2021-06-29,59098.0,964.0,332576,345627,2.116667,,12.097222,83.795788
2021-06-30,59118.0,964.0,332576,345627,7.14375,,12.784722,82.986159
2021-07-01,59131.0,966.0,332576,345627,2.173111,,13.909722,68.643175
2021-07-02,59153.0,966.0,332576,345627,2.6035,,12.652778,54.579518
2021-07-03,59153.0,966.0,332576,345627,7.01675,,13.659722,60.126009
2021-07-04,59153.0,966.0,332576,345627,2.413,,12.340278,49.579048
2021-07-05,59153.0,966.0,332576,345627,0.60325,,11.916667,45.475905
2021-07-06,59212.0,967.0,332576,345627,7.112,,13.222222,56.983781
2021-07-07,59239.0,967.0,332576,345627,17.272,,13.465278,60.221104
2021-07-08,59285.0,969.0,332576,345627,0.0254,,11.423611,44.491209
2021-07-09,59327.0,969.0,332576,345627,0.028222,,10.284722,37.726141
2021-07-10,59327.0,969.0,332576,345627,0.9525,,9.430556,36.182606
2021-07-11,59327.0,969.0,332576,345627,2.0955,,12.9375,48.841625
2021-07-12,59425.0,969.0,332576,345627,0.169333,,12.354167,53.445731
2021-07-13,59460.0,969.0,332576,345627,0.056444,,11.118056,45.031129
2021-07-14,59522.0,969.0,332576,345627,0.2032,,9.888889,41.513999
2021-07-15,59545.0,970.0,332576,345627,5.08,,13.263889,59.042471
2021-07-16,59591.0,972.0,332576,345627,3.132667,,11.430556,48.770388
2021-07-17,59591.0,972.0,332576,345627,6.35,,10.9375,44.656754
2021-07-18,59591.0,972.0,332576,345627,1.93675,,12.8125,52.008275
2021-07-19,59719.0,975.0,332576,345627,1.382889,,13.8125,56.336307
2021-07-20,59776.0,975.0,332576,345627,0.395111,,12.513889,50.338021
2021-07-21,59853.0,976.0,332576,345627,0.4318,,12.180556,52.278232
2021-07-22,59924.0,976.0,332576,345627,1.524,,10.472222,43.607695
2021-07-23,60017.0,977.0,332576,345627,2.12725,,12.645833,54.527261
2021-07-24,60017.0,977.0,332576,345627,4.176889,,13.326389,72.521487
2021-07-25,60017.0,977.0,332576,345627,1.42875,,13.104167,61.236393
2021-07-26,60249.0,977.0,332576,345627,0.435429,,12.833333,57.016871
2021-07-27,60317.0,978.0,332576,345627,1.306286,,12.673611,54.515263
2021-07-28,60431.0,979.0,332576,345627,2.975429,,12.958333,54.96616
2021-07-29,60528.0,980.0,332576,345627,0.1905,,11.444444,45.503247
2021-07-30,60621.0,980.0,332576,345627,0.0,,10.097222,43.662618
2021-07-31,60621.0,980.0,332576,345627,1.016,,8.986111,41.980403
2021-08-01,60621.0,980.0,332576,345627,3.640667,,12.194444,59.793411
2021-08-02,60961.0,981.0,332576,345627,2.69875,,12.173611,60.500759
2021-08-03,61093.0,981.0,332576,345627,1.378857,,12.513889,56.167474
2021-08-04,61300.0,980.0,332576,345627,1.524,,11.826389,56.963386
2021-08-05,61446.0,980.0,332576,345627,0.0,,10.472222,49.382071
2021-08-06,61638.0,982.0,332576,345627,0.072571,,8.034722,35.406037
2021-08-07,61638.0,982.0,332576,345627,0.028222,,5.680556,28.082576
2021-08-08,61638.0,982.0,332576,345627,0.0,,-0.666667,20.948745
2021-08-09,61975.0,982.0,332576,345627,0.0,,1.034722,21.745778
2021-08-10,62175.0,982.0,332576,345627,0.0,,7.784722,33.488194
2021-08-11,62349.0,984.0,332576,345627,0.399143,,9.791667,41.728916
2021-08-12,62485.0,984.0,332576,345627,1.197429,,11.1875,47.981761
2021-08-13,62682.0,987.0,332576,345627,5.5245,,12.972222,64.961313
2021-08-14,62682.0,987.0,332576,345627,1.0668,,12.868056,64.540507
2021-08-15,62682.0,987.0,332576,345627,0.1524,,11.645833,56.971553
2021-08-16,63221.0,989.0,332576,345627,3.14325,,11.180556,56.044695
2021-08-17,63391.0,991.0,332576,345627,1.2954,,9.854167,53.066002
2021-08-18,63660.0,992.0,332576,345627,0.0,,9.4375,44.478845
2021-08-19,63859.0,993.0,332576,345627,0.544286,,11.118056,54.359116
2021-08-20,64028.0,994.0,332576,345627,0.0,,7.243056,38.494244
2021-08-21,64028.0,994.0,332576,345627,0.0,,3.8125,30.658101
2021-08-22,64028.0,994.0,332576,345627,0.0,,9.486111,41.765602
2021-08-23,64530.0,996.0,332576,345627,0.874889,,11.340278,48.062791
2021-08-24,64784.0,996.0,332576,345627,0.254,,7.944444,36.39707
2021-08-25,65020.0,997.0,332576,345627,0.0,,1.201389,23.125617
2021-08-26,65241.0,1000.0,332576,345627,0.0,,7.131944,32.071682
2021-08-27,65412.0,1002.0,332576,345627,6.35,,11.125,50.885421
2021-08-28,65412.0,1002.0,332576,345627,0.798286,,10.972222,52.523157
2021-08-29,65412.0,1002.0,332576,345627,1.016,,9.819444,47.076545
2021-08-30,65962.0,1003.0,332576,345627,2.8575,,11.444444,55.391483
2021-08-31,66140.0,1006.0,332576,345627,1.143,,11.458333,51.323706
2021-09-01,66361.0,1009.0,332576,345627,0.508,,12.326389,58.868316
2021-09-02,66582.0,1011.0,332576,345627,5.813778,,13.659722,75.809047
2021-09-03,66754.0,1012.0,332576,345627,0.0,,11.604167,56.567062
2021-09-04,66754.0,1012.0,332576,345627,0.09525,,12.402778,52.638514
2021-09-05,66754.0,1012.0,332576,345627,0.677333,,12.527778,57.144258
2021-09-06,66754.0,1012.0,332576,345627,0.0,,10.805556,50.119781
2021-09-07,67462.0,1014.0,332576,345627,0.0,,4.5625,31.326332
2021-09-08,67547.0,1016.0,332576,345627,0.0,,4.916667,29.827001
2021-09-09,67666.0,1018.0,332576,345627,0.0,,6.888889,34.282143
2021-09-10,67826.0,1021.0,332576,345627,0.0,,4.409722,28.429889
2021-09-11,67826.0,1021.0,332576,345627,0.0,,2.111111,24.85704
2021-09-12,67826.0,1021.0,332576,345627,0.0254,,0.631944,23.424501
2021-09-13,68316.0,1026.0,332576,345627,0.0,,0.347222,22.815267
2021-09-14,68530.0,1028.0,332576,345627,0.0,,1.409722,23.249042
2021-09-15,68749.0,1031.0,332576,345627,0.0,,3.472222,29.170117
2021-09-16,68980.0,1031.0,332576,345627,0.0,,0.375,24.351215
2021-09-17,69097.0,1033.0,332576,345627,0.0,,-4.465278,15.887579
2021-09-18,69097.0,1033.0,332576,345627,0.0,,4.298611,34.230982
2021-09-19,69097.0,1033.0,332576,345627,0.108857,,6.729167,36.26054
2021-09-20,69469.0,1040.0,332576,345627,0.127,,4.166667,31.777157
2021-09-21,69572.0,1044.0,332576,345627,0.0,,-1.430556,28.584573
2021-09-22,69781.0,1050.0,332576,345627,0.0,,0.819444,33.413961
2021-09-23,69947.0,1057.0,332576,345627,0.0,,-0.680556,27.681228
2021-09-24,70145.0,1059.0,332576,345627,0.0,,-0.402778,24.936594
2021-09-25,70145.0,1059.0,332576,345627,0.0,,3.236111,37.258829
2021-09-26,70145.0,1059.0,332576,345627,0.112889,,7.923611,57.220651
2021-09-27,70722.0,1065.0,332576,345627,0.15875,,6.951389,54.292298
2021-09-28,70857.0,1066.0,332576,345627,1.016,,7.833333,61.93646
2021-09-29,71025.0,1067.0,332576,345627,0.889,,7.701389,60.721573
2021-09-30,71328.0,1071.0,332576,345627,0.616857,,5.631944,61.017259
2021-10-01,71541.0,1071.0,332576,345627,12.079111,,7.520833,80.768929
2021-10-02,71541.0,1071.0,332576,345627,2.54,,5.673611,67.981019
2021-10-03,71541.0,1071.0,332576,345627,0.0,,5.451389,55.528105
2021-10-04,71952.0,1074.0,332576,345627,0.0,,3.361111,44.804858
2021-10-05,72106.0,1075.0,332576,345627,0.0,,2.840278,40.11014
2021-10-06,72317.0,1075.0,332576,345627,0.042333,,5.236111,46.507359
2021-10-07,72529.0,1076.0,332576,345627,0.127,,5.041667,47.644457
2021-10-08,72769.0,1080.0,332576,345627,0.0,,1.479167,35.627608
2021-10-09,72769.0,1080.0,332576,345627,0.0,,2.534722,35.157445
2021-10-10,72769.0,1080.0,332576,345627,0.028222,,0.458333,40.392057
2021-10-11,72769.0,1080.0,332576,345627,0.381,,-4.333333,34.078923
2021-10-12,73281.0,1083.0,332576,345627,0.0,,-2.326389,35.057127
2021-10-13,73479.0,1089.0,332576,345627,0.5842,,-6.458333,37.778108
2021-10-14,73666.0,1093.0,332576,345627,0.0,,-5.5,39.018035
2021-10-15,73866.0,1097.0,332576,345627,0.0,,-7.756944,32.190222
2021-10-16,73866.0,1097.0,332576,345627,0.0,,-10.569444,26.129956
2021-10-17,73866.0,1097.0,332576,345627,0.0,,-6.576389,29.949274
2021-10-18,74239.0,1099.0,332576,345627,0.0,,-0.770833,35.327063
2021-10-19,74408.0,1101.0,332576,345627,0.0,,-2.194444,32.823181
2021-10-20,74523.0,1106.0,332576,345627,0.0,,-6.444444,29.840986
2021-10-21,74806.0,1108.0,332576,345627,0.0,,-8.0625,24.96988
2021-10-22,75035.0,1112.0,332576,345627,0.0,,-8.631944,22.462764
2021-10-23,75035.0,1112.0,332576,345627,0.0,,-5.076389,27.460214
2021-10-24,75035.0,1112.0,332576,345627,0.0,,-3.756944,27.911908
2021-10-25,75623.0,1116.0,332576,345627,0.0,,-4.027778,27.636688
2021-10-26,75770.0,1117.0,332576,345627,0.0,,-1.819444,33.042624
2021-10-27,75987.0,1121.0,332576,345627,0.7366,,-6.784722,37.048487
2021-10-28,76290.0,1122.0,332576,345627,0.0254,,-6.215278,34.977663
2021-10-29,76525.0,1123.0,332576,345627,0.0508,,-4.743056,35.764789
2021-10-30,76525.0,1123.0,332576,345627,0.0,,-5.298611,31.242998
2021-10-31,76525.0,1123.0,332576,345627,0.0,,-4.645833,32.251577
2021-11-01,77181.0,1124.0,332576,345627,0.0,,-1.4375,45.99668
2021-11-02,77356.0,1126.0,332576,345627,0.0,,-2.909722,41.60871
2021-11-03,77628.0,1127.0,332576,345627,0.0,,-3.444444,40.234102
2021-11-04,77961.0,1130.0,332576,345627,0.0,,-1.902778,49.570386
2021-11-05,78333.0,1132.0,332576,345627,0.0,,-4.597222,36.242443
2021-11-06,78333.0,1132.0,332576,345627,0.0,,-8.506944,26.559271
2021-11-07,78333.0,1132.0,332576,345627,0.0,,-7.381944,24.157924
2021-11-08,79097.0,1133.0,332576,345627,0.0,,-7.354167,26.151354
2021-11-09,79512.0,1135.0,332576,345627,0.0,,-6.229167,29.309605
2021-11-10,79897.0,1136.0,332576,345627,0.0254,,-5.076389,31.944985
2021-11-11,79897.0,1136.0,332576,345627,0.0254,,-8.833333,30.002361
2021-11-12,80823.0,1140.0,332576,345627,0.0,,-7.715278,31.443606
2021-11-13,80823.0,1140.0,332576,345627,0.0,,-6.479167,34.785011
2021-11-14,80823.0,1140.0,332576,345627,0.0,,-5.125,34.20938
2021-11-15,81829.0,1148.0,332576,345627,0.0,,-7.048611,27.612974
2021-11-16,82126.0,1150.0,332576,345627,0.0,,-9.118056,25.072744
2021-11-17,82547.0,1152.0,332576,345627,0.0,,-12.131944,20.841049
2021-11-18,83014.0,1154.0,332576,345627,0.0,,-11.625,34.251165
2021-11-19,83500.0,1161.0,332576,345627,0.0,,-11.486111,33.198646
2021-11-20,83500.0,1161.0,332576,345627,0.0,,-9.506944,31.284145
2021-11-21,83500.0,1161.0,332576,345627,0.0,,-8.173611,31.894804
2021-11-22,84489.0,1167.0,332576,345627,0.0,,-8.597222,40.84238
2021-11-23,84858.0,1170.0,332576,345627,0.0762,,-10.270833,34.773119
2021-11-24,85278.0,1178.0,332576,345627,1.6764,,-0.583333,56.604225
2021-11-25,85278.0,1178.0,332576,345627,0.762,,-5.256944,49.85249
2021-11-26,85278.0,1178.0,332576,345627,0.0,,-8.083333,46.91799
2021-11-27,85278.0,1178.0,332576,345627,0.0,,-8.555556,37.498423
2021-11-28,85278.0,1178.0,332576,345627,0.0,,-7.798611,37.989519
2021-11-29,86722.0,1188.0,332576,345627,0.0,,-7.638889,36.00478
2021-11-30,87061.0,1189.0,332576,345627,0.0,,-6.881944,36.980402
2021-12-01,87624.0,1192.0,332576,345627,0.0,,-8.659722,31.481619
2021-12-02,88234.0,1196.0,332576,345627,0.0,,-10.625,29.699012
2021-12-03,89031.0,1199.0,332576,345627,0.0,,-8.486111,31.672907
2021-12-04,89031.0,1199.0,332576,345627,0.0,,-6.340278,39.1997
2021-12-05,89031.0,1199.0,332576,345627,0.0,,-6.694444,37.816134
2021-12-06,90355.0,1204.0,332576,345627,0.0,,-9.25,36.076455
2021-12-07,90690.0,1204.0,332576,345627,0.0,,-7.166667,38.787528
2021-12-08,91133.0,1206.0,332576,345627,0.0,,-3.895833,56.627818
2021-12-09,91622.0,1207.0,332576,345627,0.0762,,-5.104167,43.180988
2021-12-10,91981.0,1212.0,332576,345627,0.211667,,-4.875,43.696053
2021-12-11,91981.0,1212.0,332576,345627,1.2192,,-16.680556,34.063304
2021-12-12,91981.0,1212.0,332576,345627,0.0,,-17.534722,28.029909
2021-12-13,92839.0,1214.0,332576,345627,0.0,,-14.708333,30.57588
2021-12-14,93099.0,1216.0,332576,345627,0.0,,-8.284722,41.02125
2021-12-15,93472.0,1225.0,332576,345627,0.689429,,-3.034722,48.979308
2021-12-16,93863.0,1235.0,332576,345627,0.5842,,-11.881944,41.0893
2021-12-17,94193.0,1242.0,332576,345627,0.0,,-9.4375,45.341254
2021-12-18,94193.0,1242.0,332576,345627,0.0,,-13.111111,41.027871
2021-12-19,94193.0,1242.0,332576,345627,0.0,,-15.965278,38.379945
2021-12-20,95345.0,1253.0,332576,345627,0.0,,-16.493056,26.671557
2021-12-21,95608.0,1273.0,332576,345627,0.0,,-18.069444,20.818328
2021-12-22,95842.0,1285.0,332576,345627,0.0,,-17.881944,18.994925
2021-12-23,96225.0,1303.0,332576,345627,0.0,,-10.840278,30.58457
2021-12-24,96225.0,1303.0,332576,345627,0.042333,,-1.069444,55.001523
2021-12-25,96225.0,1303.0,332576,345627,4.572,,1.090278,72.598759
2021-12-26,96225.0,1303.0,332576,345627,0.7112,,-4.097222,41.188559
2021-12-27,97176.0,1312.0,332576,345627,0.0,,-9.909722,39.070288
2021-12-28,97478.0,1316.0,332576,345627,0.0,,-6.708333,47.978083
2021-12-29,97885.0,1327.0,332576,345627,0.435429,,-5.916667,54.811766
2021-12-30,98677.0,1334.0,332576,345627,0.5842,,-6.333333,56.86234
2021-12-31,98677.0,1334.0,332576,345627,0.072571,,-3.423611,66.691529
2022-01-01,98677.0,1334.0,332576,345627,7.083778,,-1.027778,81.015344
2022-01-02,98677.0,1334.0,332576,345627,2.6416,,-15.0,52.621179
2022-01-03,101180.0,1338.0,332576,345627,0.0,,-12.159722,59.532149
2022-01-04,101683.0,1351.0,332576,345627,0.0,,-10.055556,53.300041
2022-01-05,102607.0,1360.0,332576,345627,0.0,,-9.340278,43.286491
2022-01-06,103687.0,1371.0,332576,345627,0.0,,-5.145833,50.432328
2022-01-07,104976.0,1379.0,332576,345627,0.0,,-4.090278,54.090455
2022-01-08,104976.0,1379.0,332576,345627,0.0,,-5.145833,47.063042
2022-01-09,104976.0,1379.0,332576,345627,0.0254,,-4.743056,58.545342
2022-01-10,108195.0,1388.0,332576,345627,0.0,,-7.472222,56.894477
2022-01-11,109067.0,1393.0,332576,345627,0.0,,-10.604167,46.222034
2022-01-12,111072.0,1402.0,332576,345627,0.0,,-10.9375,37.412561
2022-01-13,112580.0,1407.0,332576,345627,0.0,,-9.159722,37.47426
2022-01-14,113944.0,1415.0,332576,345627,0.0,,-7.895833,37.40645
2022-01-15,113944.0,1415.0,332576,345627,0.0,,-8.388889,47.667994
2022-01-16,113944.0,1415.0,332576,345627,0.0,,-10.673611,43.059184
2022-01-17,113944.0,1415.0,332576,345627,0.0,,-12.944444,34.713147
2022-01-18,120036.0,1430.0,332576,345627,0.0,,-11.569444,31.861704
2022-01-19,121703.0,1436.0,332576,345627,0.0,,-5.027778,50.487256
2022-01-20,123249.0,1440.0,332576,345627,0.112889,,-6.541667,64.988631
2022-01-21,124722.0,1445.0,332576,345627,0.0,,-8.9375,54.25109
2022-01-22,124722.0,1445.0,332576,345627,0.0,,-7.4375,51.31583
2022-01-23,124722.0,1445.0,332576,345627,0.0,,-8.090278,52.820309
2022-01-24,128833.0,1456.0,332576,345627,0.0,,-9.868056,41.928557
2022-01-25,129691.0,1465.0,332576,345627,0.0,,-12.013889,36.438832
2022-01-26,130854.0,1475.0,332576,345627,1.451429,,-6.715278,60.630399
2022-01-27,132156.0,1484.0,332576,345627,0.4572,,-8.159722,63.746636
2022-01-28,133454.0,1494.0,332576,345627,1.185333,,-8.625,59.143235
2022-01-29,133454.0,1494.0,332576,345627,0.0,,-12.111111,44.730312
2022-01-30,133454.0,1494.0,332576,345627,0.028222,,-12.604167,40.233124
2022-01-31,135925.0,1502.0,332576,345627,0.0,,-9.1875,48.790111
2022-02-01,136359.0,1511.0,332576,345627,0.0254,,-13.451389,29.337943
2022-02-02,136955.0,1513.0,332576,345627,0.719667,,-7.340278,60.175554
2022-02-03,137682.0,1524.0,332576,345627,4.027714,30.48,-14.298611,76.121729
2022-02-04,138118.0,1531.0,332576,345627,0.2032,30.48,-15.958333,68.82751
2022-02-05,138118.0,1531.0,332576,345627,0.0254,,-13.701389,64.123827
2022-02-06,138118.0,1531.0,332576,345627,0.0762,,-10.340278,59.095678
2022-02-07,139486.0,1536.0,332576,345627,0.8128,,-8.930556,64.460851
2022-02-08,139809.0,1537.0,332576,345627,0.0,,-9.166667,51.019788
2022-02-09,140275.0,1545.0,332576,345627,0.0,,-8.638889,45.880807
2022-02-10,140857.0,1552.0,332576,345627,0.0,,-8.701389,41.324935
2022-02-11,141211.0,1556.0,332576,345627,0.0,,-7.430556,38.192047
2022-02-12,141211.0,1556.0,332576,345627,0.0,,-6.916667,50.462661
2022-02-13,141211.0,1556.0,332576,345627,0.0254,,-10.118056,41.152684
2022-02-14,142279.0,1566.0,332576,345627,0.0,,-13.194444,28.426203
2022-02-15,142528.0,1575.0,332576,345627,0.0,,-14.375,22.702101
2022-02-16,142834.0,1581.0,332576,345627,0.0,,-15.256944,19.574769
2022-02-17,143135.0,1589.0,332576,345627,1.342571,50.8,-5.770833,64.995744
2022-02-18,143420.0,1596.0,332576,345627,1.4986,,-8.513889,57.79619
2022-02-19,143420.0,1596.0,332576,345627,0.0,,-9.402778,43.051053
2022-02-20,143420.0,1596.0,332576,345627,0.0,,-11.395833,31.096303
2022-02-21,143815.0,1602.0,332576,345627,0.0,,-13.284722,22.660295
2022-02-22,143949.0,1610.0,332576,345627,0.0,,-10.1875,31.7943
2022-02-23,144122.0,1618.0,332576,345627,0.0,,-16.131944,32.970673
2022-02-24,144286.0,1625.0,332576,345627,1.354667,30.48,-13.145833,48.498479
2022-02-25,144430.0,1633.0,332576,345627,0.2286,50.8,-13.145833,42.399231
2022-02-26,144430.0,1633.0,332576,345627,0.0,,-12.979167,33.531854
2022-02-27,144430.0,1633.0,332576,345627,0.0,,-16.993056,25.88466
2022-02-28,144684.0,1640.0,332576,345627,0.0,,-15.381944,23.446064
2022-03-01,144904.0,1641.0,332576,345627,0.0,,-15.222222,20.158591
2022-03-02,145001.0,1649.0,332576,345627,0.0,,-15.715278,15.887175
2022-03-03,145083.0,1650.0,332576,345627,0.0,,-15.520833,16.495496
2022-03-04,145179.0,1656.0,332576,345627,0.0,,-4.583333,30.510539
2022-03-05,145179.0,1656.0,332576,345627,0.0762,,-7.701389,33.942742
2022-03-06,145179.0,1656.0,332576,345627,0.127,,-10.305556,38.819089
2022-03-07,145388.0,1664.0,332576,345627,0.4572,,-12.666667,42.286032
2022-03-08,145424.0,1672.0,332576,345627,0.649111,30.48,-10.902778,45.782167
2022-03-09,145504.0,1675.0,332576,345627,0.0762,30.48,-16.451389,28.11597
2022-03-10,145613.0,1679.0,332576,345627,0.1524,,-10.125,36.026592
2022-03-11,145682.0,1683.0,332576,345627,1.298222,,-8.284722,58.74786
2022-03-12,145682.0,1683.0,332576,345627,0.3302,,-12.958333,33.619456
2022-03-13,145682.0,1683.0,332576,345627,0.0,,-11.854167,27.998281
2022-03-14,145825.0,1698.0,332576,345627,0.0,,-10.305556,25.164013
2022-03-15,145869.0,1705.0,332576,345627,0.0,,-13.145833,23.086922
2022-03-16,145923.0,1711.0,332576,345627,0.0,,-12.986111,18.839087
2022-03-17,145983.0,1715.0,332576,345627,0.536222,,-5.777778,39.039435
2022-03-18,145983.0,1715.0,332576,345627,2.44475,,-4.972222,56.910957
2022-03-19,145983.0,1715.0,332576,345627,0.0,,-14.291667,22.788155
2022-03-20,146040.0,1719.0,332576,345627,0.0,,-15.305556,16.027778
2022-03-21,146168.0,1724.0,332576,345627,0.381,,-4.458333,41.175772
2022-03-22,146198.0,1731.0,332576,345627,3.4925,,-1.277778,79.264285
2022-03-23,146250.0,1734.0,332576,345627,3.612444,50.8,-3.104167,71.443321
2022-03-24,146311.0,1737.0,332576,345627,1.143,50.8,-6.6875,38.660098
2022-03-25,146359.0,1742.0,332576,345627,0.0,,-6.611111,28.042058
2022-03-26,146359.0,1742.0,332576,345627,0.0,,-7.326389,24.471553
2022-03-27,146359.0,1742.0,332576,345627,0.0,,-8.756944,19.708371
2022-03-28,146456.0,1748.0,332576,345627,0.0,,-10.986111,17.112281
2022-03-29,146480.0,1753.0,332576,345627,0.0,,-5.472222,29.876964
2022-03-30,146523.0,1760.0,332576,345627,0.508,,-1.729167,53.464716
2022-03-31,146564.0,1768.0,332576,345627,0.7366,,-7.854167,34.025694
2022-04-01,146593.0,1769.0,332576,345627,0.22225,,-1.694444,45.496279
2022-04-02,146593.0,1769.0,332576,345627,0.4318,,-7.201389,28.278071
2022-04-03,146593.0,1769.0,332576,345627,0.0,,-6.354167,23.83911
2022-04-04,146702.0,1774.0,332576,345627,0.0,,-6.951389,26.778105
2022-04-05,146744.0,1779.0,332576,345627,0.0,,-7.680556,20.580016
2022-04-06,146788.0,1786.0,332576,345627,0.0,,-13.277778,13.882111
2022-04-07,146829.0,1790.0,332576,345627,0.0,,-20.020833,11.624162
2022-04-08,146878.0,1793.0,332576,345627,0.0,,-17.548611,13.111473
2022-04-09,146878.0,1793.0,332576,345627,0.0,,-17.145833,10.914805
2022-04-10,146878.0,1793.0,332576,345627,0.0,,-13.486111,11.540536
2022-04-11,146966.0,1799.0,332576,345627,0.0,,-7.006944,23.485594
2022-04-12,146988.0,1801.0,332576,345627,0.0,,-5.479167,23.431333
2022-04-13,147047.0,1803.0,332576,345627,0.0508,,-13.444444,26.055477
2022-04-14,147121.0,1807.0,332576,345627,0.0,,-20.951389,11.59348
2022-04-15,147184.0,1810.0,332576,345627,0.0762,,-14.659722,12.879568
2022-04-16,147184.0,1810.0,332576,345627,0.0,,-16.180556,10.239048
2022-04-17,147184.0,1810.0,332576,345627,0.0,,-12.652778,12.239544
2022-04-18,147347.0,1811.0,332576,345627,0.0,,-12.291667,15.120112
2022-04-19,147383.0,1815.0,332576,345627,0.0,,-3.826389,26.589155
2022-04-20,147434.0,1817.0,332576,345627,0.0,,-12.576389,10.701474
2022-04-21,147534.0,1817.0,332576,345627,0.0,,-11.569444,12.601387
2022-04-22,147598.0,1819.0,332576,345627,0.0,,-10.625,13.039933
2022-04-23,147598.0,1819.0,332576,345627,0.0,,-9.409722,21.667642
2022-04-24,147598.0,1819.0,332576,345627,0.0,,-13.194444,18.259844
2022-04-25,147755.0,1819.0,332576,345627,0.0,,-9.861111,23.222865
2022-04-26,147755.0,1819.0,332576,345627,0.0,,-5.5,27.529441
2022-04-27,147755.0,1819.0,332576,345627,0.0,,0.111111,31.269633
2022-04-28,147969.0,1825.0,332576,345627,0.0,,-13.3125,11.188729
2022-04-29,148049.0,1829.0,332576,345627,0.0,,-14.416667,10.403201
2022-04-30,148049.0,1829.0,332576,345627,0.0,,-16.069444,10.590092
2022-05-01,148049.0,1829.0,332576,345627,0.0,,-14.048611,10.782255
2022-05-02,148266.0,1833.0,332576,345627,0.0,,-13.041667,10.744008
2022-05-03,148349.0,1835.0,332576,345627,0.0,,-9.659722,16.143479
2022-05-04,148451.0,1837.0,332576,345627,0.0,,-10.708333,14.85881
2022-05-05,148599.0,1839.0,332576,345627,0.0,,-11.298611,18.543527
2022-05-06,148716.0,1840.0,332576,345627,0.0,,-11.534722,13.068012
2022-05-07,148716.0,1840.0,332576,345627,0.0,,-10.979167,11.089698
2022-05-08,148716.0,1840.0,332576,345627,0.0,,-8.847222,11.944236
2022-05-09,148997.0,1844.0,332576,345627,0.0,,-10.3125,11.679299
2022-05-10,149099.0,1847.0,332576,345627,0.0,,-9.916667,12.067651
2022-05-11,149232.0,1850.0,332576,345627,0.0,,-11.333333,11.017403
2022-05-12,149415.0,1851.0,332576,345627,0.0,,-13.402778,9.1633
2022-05-13,149543.0,1854.0,332576,345627,0.0,,-22.25,5.487919
2022-05-14,,,332576,345627,0.0,,-17.604167,7.441909
2022-05-15,,,332576,345627,0.0,,-14.590278,8.007066
2022-05-16,,,332576,345627,0.0,,-2.381944,20.669586
2022-05-17,,,332576,345627,0.0254,,-9.541667,12.584756
2022-05-18,,,332576,345627,0.0,,-10.895833,10.275903
2022-05-19,,,332576,345627,0.0,,-9.020833,11.392669
2022-05-20,,,332576,345627,0.0,,-8.958333,11.309687
2022-05-21,,,332576,345627,0.0,,-4.159722,23.364584
2022-05-22,,,332576,345627,0.0,,-1.784722,39.677104
2022-05-23,,,332576,345627,0.0,,-2.083333,29.074059
2022-05-24,,,332576,345627,0.127,,-1.923611,35.675471
2022-05-25,,,332576,345627,0.0,,-4.361111,30.051762
2022-05-26,,,332576,345627,0.0,,-7.472222,15.803554
2022-05-27,,,332576,345627,0.0,,-10.270833,10.608982
2022-05-28,,,332576,345627,0.0,,-8.625,11.500248
2022-05-29,,,332576,345627,0.0,,-13.138889,8.641621
2022-05-30,,,332576,345627,0.0,,-8.340278,14.333646
2022-05-31,,,332576,345627,0.0,,-8.701389,13.846159
2022-06-01,,,332576,345627,0.0,,-1.736111,23.791209
2022-06-02,,,332576,345627,0.0,,6.020833,46.469289
2022-06-03,,,332576,345627,0.635,,3.626984,36.437436
2022-06-04,,,332576,345627,0.0,,-4.087302,19.021865
2022-06-05,,,332576,345627,0.0,,-7.380952,12.720382
2022-06-06,,,332576,345627,0.0,,-2.746032,16.818783
2022-06-07,,,332576,345627,0.0,,-0.150794,19.592895
2022-06-08,,,332576,345627,0.0,,2.65873,26.639366
2022-06-09,,,332576,345627,0.09525,,6.626984,34.482717
2022-06-10,,,332576,345627,0.0,,-0.263889,18.841325
2022-06-11,,,332576,345627,0.0,,-5.118056,11.374132
2022-06-12,,,332576,345627,0.0,,-0.25,18.169573
2022-06-13,,,332576,345627,0.0,,-2.618056,14.229675
2022-06-14,,,332576,345627,0.0,,-2.486111,15.683279
2022-06-15,,,332576,345627,0.0,,-7.006944,11.406434
2022-06-16,,,332576,345627,0.0,,-7.638889,11.100887
2022-06-17,,,332576,345627,1.354667,,6.761905,33.759858
2022-06-18,,,332576,345627,5.08,,11.944444,61.323108
2022-06-19,,,332576,345627,3.374571,,12.0,65.897857
2022-06-20,,,332576,345627,7.958667,,11.071429,62.746587
2022-06-21,,,332576,345627,3.991429,,10.857143,62.932093
2022-06-22,,,332576,345627,10.710333,,12.47619,79.608278
2022-06-23,,,332576,345627,10.879667,,13.18254,69.56292
2022-06-24,,,332576,345627,0.725714,,8.597222,41.340152
2022-06-25,,,332576,345627,3.4036,,10.0,48.6693
2022-06-26,,,332576,345627,14.605,,12.805556,83.419281
2022-06-27,,,332576,345627,12.808857,,12.875,86.558087
2022-06-28,,,332576,345627,5.334,,11.8125,66.800914
2022-06-29,,,332576,345627,0.0,,9.881944,47.162943
2022-06-30,,,332576,345627,0.592667,,8.902778,40.073645
2022-07-01,,,332576,345627,0.4445,,9.159722,40.899446
2022-07-02,,,332576,345627,6.477,,11.888889,55.342367
2022-07-03,,,332576,345627,4.426857,,11.576389,51.965762
2022-07-04,,,332576,345627,0.834571,,11.0625,50.822133
2022-07-05,,,332576,345627,0.53975,,12.013889,54.160957
2022-07-06,,,332576,345627,0.28575,,10.222222,45.333833
2022-07-07,,,332576,345627,0.0,,7.673611,36.987363
2022-07-08,,,332576,345627,0.0,,7.472222,34.494833
2022-07-09,,,332576,345627,0.217714,,9.111111,36.587806
2022-07-10,,,332576,345627,1.2192,,9.134921,39.403753
2022-07-11,,,332576,345627,0.0,,7.784722,33.121416
2022-07-12,,,332576,345627,2.116667,,9.6875,41.571995
2022-07-13,,,332576,345627,5.87375,,11.527778,51.939848
2022-07-14,,,332576,345627,0.0,,10.590278,42.233331
2022-07-15,,,332576,345627,2.82575,,9.833333,37.46317
2022-07-16,,,332576,345627,0.112889,,7.854167,30.950905
2022-07-17,,,332576,345627,2.201333,,5.736111,26.405187
2022-07-18,,,332576,345627,0.0,,6.326389,27.618791
2022-07-19,,,332576,345627,0.0,,6.180556,25.768284
2022-07-20,,,332576,345627,1.834444,,6.513889,26.730185
2022-07-21,,,332576,345627,0.326571,,9.618056,37.883041
2022-07-22,,,332576,345627,1.185333,,8.743056,34.070503
2022-07-23,,,332576,345627,0.145143,,8.909722,35.225558
2022-07-24,,,332576,345627,2.54,,10.368056,39.2714
2022-07-25,,,332576,345627,1.74625,,10.652778,41.504813
2022-07-26,,,332576,345627,2.249714,,12.548611,52.989606
2022-07-27,,,332576,345627,6.785429,,12.423611,56.454252
2022-07-28,,,332576,345627,4.318,,12.75,61.309126
2022-07-29,,,332576,345627,5.08,,14.222222,68.721023
2022-07-30,,,332576,345627,5.007429,,13.944444,67.125
2022-07-31,,,332576,345627,3.58775,,13.479167,61.629977
2022-08-01,,,332576,345627,2.173111,,13.270833,54.381221
2022-08-02,,,332576,345627,0.907143,,11.993056,46.781578
2022-08-03,,,332576,345627,0.254,,10.041667,38.688594
2022-08-04,,,332576,345627,0.762,,10.840278,42.417221
2022-08-05,,,332576,345627,0.870857,,12.375,48.671352
2022-08-06,,,332576,345627,7.8105,,11.930556,51.299167
2022-08-07,,,332576,345627,1.354667,,12.340278,53.36586
2022-08-08,,,332576,345627,0.66675,,11.826389,54.347088
2022-08-09,,,332576,345627,6.6675,,11.625,53.896109
2022-08-10,,,332576,345627,3.14325,,11.923611,55.472697
2022-08-11,,,332576,345627,2.032,,12.214286,54.507391
2022-08-12,,,332576,345627,3.8735,,11.944444,58.172711
2022-08-13,,,332576,345627,0.225778,,10.4375,46.838024
2022-08-14,,,332576,345627,0.0,,8.284722,37.737519
2022-08-15,,,332576,345627,0.0,,8.583333,38.157142
2022-08-16,,,332576,345627,1.1684,,10.291667,43.268719
2022-08-17,,,332576,345627,0.9652,,11.270833,53.633126
2022-08-18,,,332576,345627,4.85775,,13.034722,64.904239
2022-08-19,,,332576,345627,1.1684,,11.673611,58.775226
2022-08-20,,,332576,345627,5.461,,13.993056,83.568389
2022-08-21,,,332576,345627,7.027333,,12.201389,69.187657
2022-08-22,,,332576,345627,3.2512,,12.979167,68.200547
2022-08-23,,,332576,345627,3.81,,11.909722,63.211938
2022-08-24,,,332576,345627,1.382889,,11.659722,57.001145
2022-08-25,,,332576,345627,0.5588,,10.993056,55.582098
2022-08-26,,,332576,345627,0.53975,,10.951389,53.014915
2022-08-27,,,332576,345627,1.61925,,12.625,60.58168
2022-08-28,,,332576,345627,0.056444,,8.652778,45.028037
2022-08-29,,,332576,345627,0.0762,,5.645833,34.617638
2022-08-30,,,332576,345627,0.366889,,7.173611,40.008784
2022-08-31,,,332576,345627,0.959556,,11.819444,59.144803
2022-09-01,,,332576,345627,2.00025,,10.666667,52.113275
2022-09-02,,,332576,345627,0.181429,,8.520833,42.596808
2022-09-03,,,332576,345627,0.471714,,6.868056,39.508108
2022-09-04,,,332576,345627,0.423333,,8.680556,50.634539
2022-09-05,,,332576,345627,0.0508,,6.048611,35.815732
2022-09-06,,,332576,345627,0.1524,,5.395833,32.531625
2022-09-07,,,332576,345627,0.0,,2.076389,25.509199
2022-09-08,,,332576,345627,0.0,,3.472222,28.903176
2022-09-09,,,332576,345627,0.0,,3.784722,30.212967
2022-09-10,,,332576,345627,2.850444,,7.868056,45.23784
2022-09-11,,,332576,345627,0.366889,,9.875,59.87958
2022-09-12,,,332576,345627,0.818444,,7.0625,45.439794
2022-09-13,,,332576,345627,0.0,,7.333333,45.207657
2022-09-14,,,332576,345627,0.9525,,10.269841,70.148288
2022-09-15,,,332576,345627,,,,
2022-09-16,,,332576,345627,,,,
2022-09-17,,,332576,345627,,,,
