location_key,date,cumulative_confirmed,cumulative_deceased,population_male,population_female
US_NM_35001,2020-01-01,,,332576,345627
US_NM_35001,2020-01-02,,,332576,345627
US_NM_35001,2020-01-03,,,332576,345627
US_NM_35001,2020-01-04,,,332576,345627
US_NM_35001,2020-01-05,,,332576,345627
US_NM_35001,2020-01-06,,,332576,345627
US_NM_35001,2020-01-07,,,332576,345627
US_NM_35001,2020-01-08,,,332576,345627
US_NM_35001,2020-01-09,,,332576,345627
US_NM_35001,2020-01-10,,,332576,345627
US_NM_35001,2020-01-11,,,332576,345627
US_NM_35001,2020-01-12,,,332576,345627
US_NM_35001,2020-01-13,,,332576,345627
US_NM_35001,2020-01-14,,,332576,345627
US_NM_35001,2020-01-15,,,332576,345627
US_NM_35001,2020-01-16,,,332576,345627
US_NM_35001,2020-01-17,,,332576,345627
US_NM_35001,2020-01-18,,,332576,345627
US_NM_35001,2020-01-19,,,332576,345627
US_NM_35001,2020-01-20,,,332576,345627
US_NM_35001,2020-01-21,,,332576,345627
US_NM_35001,2020-01-22,,,332576,345627
US_NM_35001,2020-01-23,,,332576,345627
US_NM_35001,2020-01-24,,,332576,345627
US_NM_35001,2020-01-25,,,332576,345627
US_NM_35001,2020-01-26,,,332576,345627
US_NM_35001,2020-01-27,,,332576,345627
US_NM_35001,2020-01-28,,,332576,345627
US_NM_35001,2020-01-29,,,332576,345627
US_NM_35001,2020-01-30,,,332576,345627
US_NM_35001,2020-01-31,,,332576,345627
US_NM_35001,2020-02-01,,,332576,345627
US_NM_35001,2020-02-02,,,332576,345627
US_NM_35001,2020-02-03,,,332576,345627
US_NM_35001,2020-02-04,,,332576,345627
US_NM_35001,2020-02-05,,,332576,345627
US_NM_35001,2020-02-06,,,332576,345627
US_NM_35001,2020-02-07,,,332576,345627
US_NM_35001,2020-02-08,,,332576,345627
US_NM_35001,2020-02-09,,,332576,345627
US_NM_35001,2020-02-10,,,332576,345627
US_NM_35001,2020-02-11,,,332576,345627
US_NM_35001,2020-02-12,,,332576,345627
US_NM_35001,2020-02-13,,,332576,345627
US_NM_35001,2020-02-14,,,332576,345627
US_NM_35001,2020-02-15,,,332576,345627
US_NM_35001,2020-02-16,,,332576,345627
US_NM_35001,2020-02-17,,,332576,345627
US_NM_35001,2020-02-18,,,332576,345627
US_NM_35001,2020-02-19,,,332576,345627
US_NM_35001,2020-02-20,,,332576,345627
US_NM_35001,2020-02-21,,,332576,345627
US_NM_35001,2020-02-22,,,332576,345627
US_NM_35001,2020-02-23,,,332576,345627
US_NM_35001,2020-02-24,,,332576,345627
US_NM_35001,2020-02-25,,,332576,345627
US_NM_35001,2020-02-26,,,332576,345627
US_NM_35001,2020-02-27,,,332576,345627
US_NM_35001,2020-02-28,,,332576,345627
US_NM_35001,2020-02-29,,,332576,345627
US_NM_35001,2020-03-01,,,332576,345627
US_NM_35001,2020-03-02,,,332576,345627
US_NM_35001,2020-03-03,,,332576,345627
US_NM_35001,2020-03-04,,,332576,345627
US_NM_35001,2020-03-05,,,332576,345627
US_NM_35001,2020-03-06,,,332576,345627
US_NM_35001,2020-03-07,,,332576,345627
US_NM_35001,2020-03-08,,,332576,345627
US_NM_35001,2020-03-09,,,332576,345627
US_NM_35001,2020-03-10,,,332576,345627
US_NM_35001,2020-03-11,1.0,0.0,332576,345627
US_NM_35001,2020-03-12,2.0,0.0,332576,345627
US_NM_35001,2020-03-13,5.0,0.0,332576,345627
US_NM_35001,2020-03-14,6.0,0.0,332576,345627
US_NM_35001,2020-03-15,10.0,0.0,332576,345627
US_NM_35001,2020-03-16,14.0,0.0,332576,345627
US_NM_35001,2020-03-17,14.0,0.0,332576,345627
US_NM_35001,2020-03-18,17.0,0.0,332576,345627
US_NM_35001,2020-03-19,20.0,0.0,332576,345627
US_NM_35001,2020-03-20,23.0,0.0,332576,345627
US_NM_35001,2020-03-21,32.0,0.0,332576,345627
US_NM_35001,2020-03-22,34.0,0.0,332576,345627
US_NM_35001,2020-03-23,38.0,0.0,332576,345627
US_NM_35001,2020-03-24,43.0,0.0,332576,345627
US_NM_35001,2020-03-25,48.0,0.0,332576,345627
US_NM_35001,2020-03-26,55.0,0.0,332576,345627
US_NM_35001,2020-03-27,82.0,0.0,332576,345627
US_NM_35001,2020-03-28,93.0,1.0,332576,345627
US_NM_35001,2020-03-29,101.0,1.0,332576,345627
US_NM_35001,2020-03-30,117.0,3.0,332576,345627
US_NM_35001,2020-03-31,129.0,4.0,332576,345627
US_NM_35001,2020-04-01,148.0,4.0,332576,345627
US_NM_35001,2020-04-02,163.0,5.0,332576,345627
US_NM_35001,2020-04-03,202.0,7.0,332576,345627
US_NM_35001,2020-04-04,225.0,7.0,332576,345627
US_NM_35001,2020-04-05,246.0,7.0,332576,345627
US_NM_35001,2020-04-06,262.0,7.0,332576,345627
US_NM_35001,2020-04-07,307.0,8.0,332576,345627
US_NM_35001,2020-04-08,325.0,11.0,332576,345627
US_NM_35001,2020-04-09,369.0,12.0,332576,345627
US_NM_35001,2020-04-10,407.0,13.0,332576,345627
US_NM_35001,2020-04-11,422.0,13.0,332576,345627
US_NM_35001,2020-04-12,440.0,16.0,332576,345627
US_NM_35001,2020-04-13,455.0,16.0,332576,345627
US_NM_35001,2020-04-14,464.0,17.0,332576,345627
US_NM_35001,2020-04-15,477.0,17.0,332576,345627
US_NM_35001,2020-04-16,491.0,18.0,332576,345627
US_NM_35001,2020-04-17,514.0,22.0,332576,345627
US_NM_35001,2020-04-18,527.0,23.0,332576,345627
US_NM_35001,2020-04-19,542.0,24.0,332576,345627
US_NM_35001,2020-04-20,566.0,24.0,332576,345627
US_NM_35001,2020-04-21,585.0,29.0,332576,345627
US_NM_35001,2020-04-22,600.0,29.0,332576,345627
US_NM_35001,2020-04-23,631.0,31.0,332576,345627
US_NM_35001,2020-04-24,651.0,33.0,332576,345627
US_NM_35001,2020-04-25,670.0,33.0,332576,345627
US_NM_35001,2020-04-26,688.0,33.0,332576,345627
US_NM_35001,2020-04-27,694.0,33.0,332576,345627
US_NM_35001,2020-04-28,738.0,35.0,332576,345627
US_NM_35001,2020-04-29,765.0,35.0,332576,345627
US_NM_35001,2020-04-30,811.0,35.0,332576,345627
US_NM_35001,2020-05-01,830.0,36.0,332576,345627
US_NM_35001,2020-05-02,883.0,38.0,332576,345627
US_NM_35001,2020-05-03,920.0,40.0,332576,345627
US_NM_35001,2020-05-04,944.0,40.0,332576,345627
US_NM_35001,2020-05-05,963.0,42.0,332576,345627
US_NM_35001,2020-05-06,981.0,44.0,332576,345627
US_NM_35001,2020-05-07,1012.0,44.0,332576,345627
US_NM_35001,2020-05-08,1030.0,45.0,332576,345627
US_NM_35001,2020-05-09,1050.0,46.0,332576,345627
US_NM_35001,2020-05-10,1073.0,46.0,332576,345627
US_NM_35001,2020-05-11,1086.0,48.0,332576,345627
US_NM_35001,2020-05-12,1111.0,50.0,332576,345627
US_NM_35001,2020-05-13,1124.0,53.0,332576,345627
US_NM_35001,2020-05-14,1149.0,54.0,332576,345627
US_NM_35001,2020-05-15,1180.0,56.0,332576,345627
US_NM_35001,2020-05-16,1194.0,56.0,332576,345627
US_NM_35001,2020-05-17,1210.0,57.0,332576,345627
US_NM_35001,2020-05-18,1218.0,59.0,332576,345627
US_NM_35001,2020-05-19,1225.0,59.0,332576,345627
US_NM_35001,2020-05-20,1254.0,59.0,332576,345627
US_NM_35001,2020-05-21,1273.0,63.0,332576,345627
US_NM_35001,2020-05-22,1313.0,66.0,332576,345627
US_NM_35001,2020-05-23,1326.0,68.0,332576,345627
US_NM_35001,2020-05-24,1337.0,68.0,332576,345627
US_NM_35001,2020-05-25,1347.0,68.0,332576,345627
US_NM_35001,2020-05-26,1362.0,68.0,332576,345627
US_NM_35001,2020-05-27,1383.0,69.0,332576,345627
US_NM_35001,2020-05-28,1434.0,70.0,332576,345627
US_NM_35001,2020-05-29,1445.0,71.0,332576,345627
US_NM_35001,2020-05-30,1464.0,71.0,332576,345627
US_NM_35001,2020-05-31,1476.0,71.0,332576,345627
US_NM_35001,2020-06-01,1486.0,71.0,332576,345627
US_NM_35001,2020-06-02,1499.0,72.0,332576,345627
US_NM_35001,2020-06-03,1524.0,72.0,332576,345627
US_NM_35001,2020-06-04,1543.0,73.0,332576,345627
US_NM_35001,2020-06-05,1559.0,74.0,332576,345627
US_NM_35001,2020-06-06,1575.0,74.0,332576,345627
US_NM_35001,2020-06-07,1592.0,75.0,332576,345627
US_NM_35001,2020-06-08,1600.0,75.0,332576,345627
US_NM_35001,2020-06-09,1612.0,76.0,332576,345627
US_NM_35001,2020-06-10,1623.0,77.0,332576,345627
US_NM_35001,2020-06-11,1652.0,77.0,332576,345627
US_NM_35001,2020-06-12,1669.0,77.0,332576,345627
US_NM_35001,2020-06-13,1682.0,78.0,332576,345627
US_NM_35001,2020-06-14,1693.0,80.0,332576,345627
US_NM_35001,2020-06-15,1705.0,80.0,332576,345627
US_NM_35001,2020-06-16,1733.0,80.0,332576,345627
US_NM_35001,2020-06-17,1752.0,81.0,332576,345627
US_NM_35001,2020-06-18,1763.0,82.0,332576,345627
US_NM_35001,2020-06-19,1777.0,82.0,332576,345627
US_NM_35001,2020-06-20,1792.0,82.0,332576,345627
US_NM_35001,2020-06-21,1805.0,82.0,332576,345627
US_NM_35001,2020-06-22,1828.0,82.0,332576,345627
US_NM_35001,2020-06-23,1848.0,82.0,332576,345627
US_NM_35001,2020-06-24,1879.0,84.0,332576,345627
US_NM_35001,2020-06-25,1937.0,85.0,332576,345627
US_NM_35001,2020-06-26,1987.0,85.0,332576,345627
US_NM_35001,2020-06-27,2021.0,85.0,332576,345627
US_NM_35001,2020-06-28,2064.0,85.0,332576,345627
US_NM_35001,2020-06-29,2109.0,85.0,332576,345627
US_NM_35001,2020-06-30,2143.0,85.0,332576,345627
US_NM_35001,2020-07-01,2178.0,86.0,332576,345627
US_NM_35001,2020-07-02,2277.0,87.0,332576,345627
US_NM_35001,2020-07-03,2331.0,87.0,332576,345627
US_NM_35001,2020-07-04,2410.0,87.0,332576,345627
US_NM_35001,2020-07-05,2471.0,87.0,332576,345627
US_NM_35001,2020-07-06,2531.0,88.0,332576,345627
US_NM_35001,2020-07-07,2618.0,89.0,332576,345627
US_NM_35001,2020-07-08,2717.0,92.0,332576,345627
US_NM_35001,2020-07-09,2816.0,94.0,332576,345627
US_NM_35001,2020-07-10,2886.0,95.0,332576,345627
US_NM_35001,2020-07-11,2966.0,95.0,332576,345627
US_NM_35001,2020-07-12,3076.0,96.0,332576,345627
US_NM_35001,2020-07-13,3134.0,96.0,332576,345627
US_NM_35001,2020-07-14,3200.0,97.0,332576,345627
US_NM_35001,2020-07-15,3362.0,98.0,332576,345627
US_NM_35001,2020-07-16,3464.0,99.0,332576,345627
US_NM_35001,2020-07-17,3578.0,99.0,332576,345627
US_NM_35001,2020-07-18,3679.0,100.0,332576,345627
US_NM_35001,2020-07-19,3775.0,100.0,332576,345627
US_NM_35001,2020-07-20,3861.0,102.0,332576,345627
US_NM_35001,2020-07-21,3920.0,103.0,332576,345627
US_NM_35001,2020-07-22,4005.0,104.0,332576,345627
US_NM_35001,2020-07-23,4131.0,106.0,332576,345627
US_NM_35001,2020-07-24,4227.0,108.0,332576,345627
US_NM_35001,2020-07-25,4318.0,110.0,332576,345627
US_NM_35001,2020-07-26,4405.0,111.0,332576,345627
US_NM_35001,2020-07-27,4466.0,113.0,332576,345627
US_NM_35001,2020-07-28,4542.0,114.0,332576,345627
US_NM_35001,2020-07-29,4627.0,117.0,332576,345627
US_NM_35001,2020-07-30,4688.0,117.0,332576,345627
US_NM_35001,2020-07-31,4735.0,120.0,332576,345627
US_NM_35001,2020-08-01,4800.0,123.0,332576,345627
US_NM_35001,2020-08-02,4860.0,123.0,332576,345627
US_NM_35001,2020-08-03,4879.0,123.0,332576,345627
US_NM_35001,2020-08-04,4947.0,124.0,332576,345627
US_NM_35001,2020-08-05,4989.0,128.0,332576,345627
US_NM_35001,2020-08-06,5029.0,129.0,332576,345627
US_NM_35001,2020-08-07,5059.0,130.0,332576,345627
US_NM_35001,2020-08-08,5089.0,132.0,332576,345627
US_NM_35001,2020-08-09,5136.0,134.0,332576,345627
US_NM_35001,2020-08-10,5161.0,134.0,332576,345627
US_NM_35001,2020-08-11,5196.0,134.0,332576,345627
US_NM_35001,2020-08-12,5226.0,134.0,332576,345627
US_NM_35001,2020-08-13,5264.0,134.0,332576,345627
US_NM_35001,2020-08-14,5303.0,134.0,332576,345627
US_NM_35001,2020-08-15,5318.0,136.0,332576,345627
US_NM_35001,2020-08-16,5337.0,137.0,332576,345627
US_NM_35001,2020-08-17,5365.0,139.0,332576,345627
US_NM_35001,2020-08-18,5383.0,140.0,332576,345627
US_NM_35001,2020-08-19,5416.0,143.0,332576,345627
US_NM_35001,2020-08-20,5474.0,146.0,332576,345627
US_NM_35001,2020-08-21,5502.0,148.0,332576,345627
US_NM_35001,2020-08-22,5526.0,148.0,332576,345627
US_NM_35001,2020-08-23,5601.0,149.0,332576,345627
US_NM_35001,2020-08-24,5619.0,149.0,332576,345627
US_NM_35001,2020-08-25,5633.0,149.0,332576,345627
US_NM_35001,2020-08-26,5668.0,150.0,332576,345627
US_NM_35001,2020-08-27,5721.0,152.0,332576,345627
US_NM_35001,2020-08-28,5743.0,153.0,332576,345627
US_NM_35001,2020-08-29,5773.0,155.0,332576,345627
US_NM_35001,2020-08-30,5795.0,155.0,332576,345627
US_NM_35001,2020-08-31,5809.0,156.0,332576,345627
US_NM_35001,2020-09-01,5838.0,158.0,332576,345627
US_NM_35001,2020-09-02,5861.0,159.0,332576,345627
US_NM_35001,2020-09-03,5898.0,159.0,332576,345627
US_NM_35001,2020-09-04,5914.0,160.0,332576,345627
US_NM_35001,2020-09-05,5937.0,160.0,332576,345627
US_NM_35001,2020-09-06,5947.0,160.0,332576,345627
US_NM_35001,2020-09-07,5958.0,161.0,332576,345627
US_NM_35001,2020-09-08,5979.0,161.0,332576,345627
US_NM_35001,2020-09-09,5985.0,162.0,332576,345627
US_NM_35001,2020-09-10,6012.0,163.0,332576,345627
US_NM_35001,2020-09-11,6024.0,164.0,332576,345627
US_NM_35001,2020-09-12,6038.0,165.0,332576,345627
US_NM_35001,2020-09-13,6056.0,167.0,332576,345627
US_NM_35001,2020-09-14,6077.0,167.0,332576,345627
US_NM_35001,2020-09-15,6093.0,168.0,332576,345627
US_NM_35001,2020-09-16,6107.0,168.0,332576,345627
US_NM_35001,2020-09-17,6144.0,169.0,332576,345627
US_NM_35001,2020-09-18,6172.0,169.0,332576,345627
US_NM_35001,2020-09-19,6198.0,170.0,332576,345627
US_NM_35001,2020-09-20,6206.0,171.0,332576,345627
US_NM_35001,2020-09-21,6226.0,172.0,332576,345627
US_NM_35001,2020-09-22,6247.0,173.0,332576,345627
US_NM_35001,2020-09-23,6270.0,173.0,332576,345627
US_NM_35001,2020-09-24,6327.0,174.0,332576,345627
US_NM_35001,2020-09-25,6381.0,177.0,332576,345627
US_NM_35001,2020-09-26,6422.0,177.0,332576,345627
US_NM_35001,2020-09-27,6452.0,177.0,332576,345627
US_NM_35001,2020-09-28,6499.0,177.0,332576,345627
US_NM_35001,2020-09-29,6547.0,177.0,332576,345627
US_NM_35001,2020-09-30,6607.0,177.0,332576,345627
US_NM_35001,2020-10-01,6660.0,178.0,332576,345627
US_NM_35001,2020-10-02,6757.0,179.0,332576,345627
US_NM_35001,2020-10-03,6831.0,180.0,332576,345627
US_NM_35001,2020-10-04,6878.0,180.0,332576,345627
US_NM_35001,2020-10-05,6928.0,180.0,332576,345627
US_NM_35001,2020-10-06,7065.0,180.0,332576,345627
US_NM_35001,2020-10-07,7185.0,180.0,332576,345627
US_NM_35001,2020-10-08,7286.0,180.0,332576,345627
US_NM_35001,2020-10-09,7420.0,180.0,332576,345627
US_NM_35001,2020-10-10,7584.0,180.0,332576,345627
US_NM_35001,2020-10-11,7682.0,180.0,332576,345627
US_NM_35001,2020-10-12,7808.0,181.0,332576,345627
US_NM_35001,2020-10-13,7926.0,183.0,332576,345627
US_NM_35001,2020-10-14,8126.0,184.0,332576,345627
US_NM_35001,2020-10-15,8428.0,184.0,332576,345627
US_NM_35001,2020-10-16,8605.0,185.0,332576,345627
US_NM_35001,2020-10-17,8794.0,186.0,332576,345627
US_NM_35001,2020-10-18,8943.0,186.0,332576,345627
US_NM_35001,2020-10-19,9066.0,187.0,332576,345627
US_NM_35001,2020-10-20,9218.0,187.0,332576,345627
US_NM_35001,2020-10-21,9503.0,188.0,332576,345627
US_NM_35001,2020-10-22,9685.0,189.0,332576,345627
US_NM_35001,2020-10-23,9880.0,190.0,332576,345627
US_NM_35001,2020-10-24,10130.0,192.0,332576,345627
US_NM_35001,2020-10-25,10284.0,193.0,332576,345627
US_NM_35001,2020-10-26,10452.0,196.0,332576,345627
US_NM_35001,2020-10-27,10589.0,196.0,332576,345627
US_NM_35001,2020-10-28,10857.0,200.0,332576,345627
US_NM_35001,2020-10-29,11116.0,201.0,332576,345627
US_NM_35001,2020-10-30,11451.0,205.0,332576,345627
US_NM_35001,2020-10-31,11636.0,209.0,332576,345627
US_NM_35001,2020-11-01,11859.0,212.0,332576,345627
US_NM_35001,2020-11-02,12102.0,213.0,332576,345627
US_NM_35001,2020-11-03,12362.0,214.0,332576,345627
US_NM_35001,2020-11-04,12627.0,219.0,332576,345627
US_NM_35001,2020-11-05,12828.0,225.0,332576,345627
US_NM_35001,2020-11-06,13170.0,227.0,332576,345627
US_NM_35001,2020-11-07,13493.0,234.0,332576,345627
US_NM_35001,2020-11-08,13768.0,239.0,332576,345627
US_NM_35001,2020-11-09,14226.0,242.0,332576,345627
US_NM_35001,2020-11-10,14528.0,242.0,332576,345627
US_NM_35001,2020-11-11,14943.0,245.0,332576,345627
US_NM_35001,2020-11-12,15548.0,249.0,332576,345627
US_NM_35001,2020-11-13,15864.0,255.0,332576,345627
US_NM_35001,2020-11-14,16194.0,256.0,332576,345627
US_NM_35001,2020-11-15,16449.0,260.0,332576,345627
US_NM_35001,2020-11-16,16821.0,261.0,332576,345627
US_NM_35001,2020-11-17,17433.0,271.0,332576,345627
US_NM_35001,2020-11-18,18425.0,275.0,332576,345627
US_NM_35001,2020-11-19,19541.0,277.0,332576,345627
US_NM_35001,2020-11-20,20539.0,284.0,332576,345627
US_NM_35001,2020-11-21,21178.0,286.0,332576,345627
US_NM_35001,2020-11-22,21885.0,294.0,332576,345627
US_NM_35001,2020-11-23,22624.0,302.0,332576,345627
US_NM_35001,2020-11-24,23162.0,311.0,332576,345627
US_NM_35001,2020-11-25,23734.0,313.0,332576,345627
US_NM_35001,2020-11-26,24393.0,320.0,332576,345627
US_NM_35001,2020-11-27,25134.0,324.0,332576,345627
US_NM_35001,2020-11-28,25847.0,332.0,332576,345627
US_NM_35001,2020-11-29,26194.0,335.0,332576,345627
US_NM_35001,2020-11-30,26784.0,341.0,332576,345627
US_NM_35001,2020-12-01,27678.0,342.0,332576,345627
US_NM_35001,2020-12-02,28125.0,348.0,332576,345627
US_NM_35001,2020-12-03,28707.0,358.0,332576,345627
US_NM_35001,2020-12-04,29458.0,366.0,332576,345627
US_NM_35001,2020-12-05,29958.0,381.0,332576,345627
US_NM_35001,2020-12-06,30339.0,384.0,332576,345627
US_NM_35001,2020-12-07,30968.0,385.0,332576,345627
US_NM_35001,2020-12-08,31362.0,395.0,332576,345627
US_NM_35001,2020-12-09,31963.0,403.0,332576,345627
US_NM_35001,2020-12-10,32581.0,408.0,332576,345627
US_NM_35001,2020-12-11,33137.0,412.0,332576,345627
US_NM_35001,2020-12-12,33702.0,418.0,332576,345627
US_NM_35001,2020-12-13,34149.0,421.0,332576,345627
US_NM_35001,2020-12-14,34604.0,427.0,332576,345627
US_NM_35001,2020-12-15,35044.0,435.0,332576,345627
US_NM_35001,2020-12-16,35608.0,442.0,332576,345627
US_NM_35001,2020-12-17,36137.0,460.0,332576,345627
US_NM_35001,2020-12-18,36552.0,463.0,332576,345627
US_NM_35001,2020-12-19,36998.0,470.0,332576,345627
US_NM_35001,2020-12-20,37272.0,474.0,332576,345627
US_NM_35001,2020-12-21,37561.0,479.0,332576,345627
US_NM_35001,2020-12-22,37859.0,484.0,332576,345627
US_NM_35001,2020-12-23,38192.0,500.0,332576,345627
US_NM_35001,2020-12-24,38676.0,512.0,332576,345627
US_NM_35001,2020-12-25,39100.0,524.0,332576,345627
US_NM_35001,2020-12-26,39224.0,531.0,332576,345627
US_NM_35001,2020-12-27,39462.0,538.0,332576,345627
US_NM_35001,2020-12-28,39689.0,548.0,332576,345627
US_NM_35001,2020-12-29,40038.0,551.0,332576,345627
US_NM_35001,2020-12-30,40373.0,557.0,332576,345627
US_NM_35001,2020-12-31,40808.0,569.0,332576,345627
US_NM_35001,2021-01-01,41121.0,573.0,332576,345627
US_NM_35001,2021-01-02,41385.0,578.0,332576,345627
US_NM_35001,2021-01-03,41730.0,584.0,332576,345627
US_NM_35001,2021-01-04,42012.0,589.0,332576,345627
US_NM_35001,2021-01-05,42490.0,598.0,332576,345627
US_NM_35001,2021-01-06,42929.0,613.0,332576,345627
US_NM_35001,2021-01-07,43382.0,628.0,332576,345627
US_NM_35001,2021-01-08,43807.0,636.0,332576,345627
US_NM_35001,2021-01-09,44177.0,639.0,332576,345627
US_NM_35001,2021-01-10,44442.0,644.0,332576,345627
US_NM_35001,2021-01-11,44698.0,648.0,332576,345627
US_NM_35001,2021-01-12,44923.0,654.0,332576,345627
US_NM_35001,2021-01-13,45273.0,658.0,332576,345627
US_NM_35001,2021-01-14,45614.0,662.0,332576,345627
US_NM_35001,2021-01-15,45903.0,676.0,332576,345627
US_NM_35001,2021-01-16,46179.0,686.0,332576,345627
US_NM_35001,2021-01-17,46349.0,694.0,332576,345627
US_NM_35001,2021-01-18,46508.0,696.0,332576,345627
US_NM_35001,2021-01-19,46763.0,702.0,332576,345627
US_NM_35001,2021-01-20,46975.0,707.0,332576,345627
US_NM_35001,2021-01-21,47205.0,712.0,332576,345627
US_NM_35001,2021-01-22,47410.0,721.0,332576,345627
US_NM_35001,2021-01-23,47587.0,733.0,332576,345627
US_NM_35001,2021-01-24,47727.0,741.0,332576,345627
US_NM_35001,2021-01-25,47870.0,742.0,332576,345627
US_NM_35001,2021-01-26,48020.0,746.0,332576,345627
US_NM_35001,2021-01-27,48177.0,750.0,332576,345627
US_NM_35001,2021-01-28,48364.0,755.0,332576,345627
US_NM_35001,2021-01-29,48839.0,758.0,332576,345627
US_NM_35001,2021-01-30,49093.0,762.0,332576,345627
US_NM_35001,2021-01-31,49224.0,767.0,332576,345627
US_NM_35001,2021-02-01,49412.0,768.0,332576,345627
US_NM_35001,2021-02-02,49530.0,770.0,332576,345627
US_NM_35001,2021-02-03,49691.0,778.0,332576,345627
US_NM_35001,2021-02-04,49845.0,781.0,332576,345627
US_NM_35001,2021-02-05,50015.0,787.0,332576,345627
US_NM_35001,2021-02-06,50139.0,788.0,332576,345627
US_NM_35001,2021-02-07,50237.0,790.0,332576,345627
US_NM_35001,2021-02-08,50357.0,790.0,332576,345627
US_NM_35001,2021-02-09,50513.0,793.0,332576,345627
US_NM_35001,2021-02-10,50637.0,799.0,332576,345627
US_NM_35001,2021-02-11,50744.0,802.0,332576,345627
US_NM_35001,2021-02-12,50867.0,809.0,332576,345627
US_NM_35001,2021-02-13,51113.0,813.0,332576,345627
US_NM_35001,2021-02-14,51179.0,816.0,332576,345627
US_NM_35001,2021-02-15,51245.0,817.0,332576,345627
US_NM_35001,2021-02-16,51315.0,822.0,332576,345627
US_NM_35001,2021-02-17,51431.0,825.0,332576,345627
US_NM_35001,2021-02-18,51557.0,829.0,332576,345627
US_NM_35001,2021-02-19,51644.0,837.0,332576,345627
US_NM_35001,2021-02-20,51738.0,837.0,332576,345627
US_NM_35001,2021-02-21,51834.0,839.0,332576,345627
US_NM_35001,2021-02-22,51913.0,839.0,332576,345627
US_NM_35001,2021-02-23,52025.0,842.0,332576,345627
US_NM_35001,2021-02-24,52129.0,844.0,332576,345627
US_NM_35001,2021-02-25,52213.0,848.0,332576,345627
US_NM_35001,2021-02-26,52421.0,854.0,332576,345627
US_NM_35001,2021-02-27,52434.0,858.0,332576,345627
US_NM_35001,2021-02-28,52528.0,858.0,332576,345627
US_NM_35001,2021-03-01,52582.0,862.0,332576,345627
US_NM_35001,2021-03-02,52682.0,863.0,332576,345627
US_NM_35001,2021-03-03,52783.0,866.0,332576,345627
US_NM_35001,2021-03-04,52863.0,868.0,332576,345627
US_NM_35001,2021-03-05,52965.0,870.0,332576,345627
US_NM_35001,2021-03-06,53036.0,874.0,332576,345627
US_NM_35001,2021-03-07,53036.0,874.0,332576,345627
US_NM_35001,2021-03-08,53149.0,879.0,332576,345627
US_NM_35001,2021-03-09,53229.0,879.0,332576,345627
US_NM_35001,2021-03-10,53321.0,882.0,332576,345627
US_NM_35001,2021-03-11,53397.0,884.0,332576,345627
US_NM_35001,2021-03-12,53490.0,884.0,332576,345627
US_NM_35001,2021-03-13,53555.0,885.0,332576,345627
US_NM_35001,2021-03-14,53594.0,886.0,332576,345627
US_NM_35001,2021-03-15,53654.0,886.0,332576,345627
US_NM_35001,2021-03-16,53718.0,887.0,332576,345627
US_NM_35001,2021-03-17,53770.0,889.0,332576,345627
US_NM_35001,2021-03-18,53855.0,890.0,332576,345627
US_NM_35001,2021-03-19,53932.0,892.0,332576,345627
US_NM_35001,2021-03-20,53999.0,894.0,332576,345627
US_NM_35001,2021-03-21,54052.0,894.0,332576,345627
US_NM_35001,2021-03-22,54118.0,894.0,332576,345627
US_NM_35001,2021-03-23,54192.0,895.0,332576,345627
US_NM_35001,2021-03-24,54237.0,896.0,332576,345627
US_NM_35001,2021-03-25,54322.0,898.0,332576,345627
US_NM_35001,2021-03-26,54389.0,900.0,332576,345627
US_NM_35001,2021-03-27,54446.0,901.0,332576,345627
US_NM_35001,2021-03-28,54495.0,901.0,332576,345627
US_NM_35001,2021-03-29,54545.0,901.0,332576,345627
US_NM_35001,2021-03-30,54602.0,901.0,332576,345627
US_NM_35001,2021-03-31,54726.0,901.0,332576,345627
US_NM_35001,2021-04-01,54836.0,901.0,332576,345627
US_NM_35001,2021-04-02,54906.0,904.0,332576,345627
US_NM_35001,2021-04-03,54906.0,904.0,332576,345627
US_NM_35001,2021-04-04,54906.0,904.0,332576,345627
US_NM_35001,2021-04-05,55065.0,905.0,332576,345627
US_NM_35001,2021-04-06,55145.0,909.0,332576,345627
US_NM_35001,2021-04-07,55201.0,909.0,332576,345627
US_NM_35001,2021-04-08,55296.0,909.0,332576,345627
US_NM_35001,2021-04-09,55354.0,909.0,332576,345627
US_NM_35001,2021-04-10,55354.0,909.0,332576,345627
US_NM_35001,2021-04-11,55354.0,909.0,332576,345627
US_NM_35001,2021-04-12,55571.0,909.0,332576,345627
US_NM_35001,2021-04-13,55664.0,910.0,332576,345627
US_NM_35001,2021-04-14,55737.0,911.0,332576,345627
US_NM_35001,2021-04-15,55801.0,911.0,332576,345627
US_NM_35001,2021-04-16,55897.0,912.0,332576,345627
US_NM_35001,2021-04-17,55897.0,912.0,332576,345627
US_NM_35001,2021-04-18,55897.0,912.0,332576,345627
US_NM_35001,2021-04-19,56086.0,915.0,332576,345627
US_NM_35001,2021-04-20,56141.0,915.0,332576,345627
US_NM_35001,2021-04-21,56202.0,922.0,332576,345627
US_NM_35001,2021-04-22,56282.0,923.0,332576,345627
US_NM_35001,2021-04-23,56336.0,924.0,332576,345627
US_NM_35001,2021-04-24,56336.0,924.0,332576,345627
US_NM_35001,2021-04-25,56336.0,924.0,332576,345627
US_NM_35001,2021-04-26,56556.0,925.0,332576,345627
US_NM_35001,2021-04-27,56626.0,925.0,332576,345627
US_NM_35001,2021-04-28,56711.0,929.0,332576,345627
US_NM_35001,2021-04-29,56772.0,929.0,332576,345627
US_NM_35001,2021-04-30,56899.0,929.0,332576,345627
US_NM_35001,2021-05-01,56899.0,929.0,332576,345627
US_NM_35001,2021-05-02,56899.0,929.0,332576,345627
US_NM_35001,2021-05-03,57121.0,931.0,332576,345627
US_NM_35001,2021-05-04,57211.0,931.0,332576,345627
US_NM_35001,2021-05-05,57274.0,932.0,332576,345627
US_NM_35001,2021-05-06,57352.0,933.0,332576,345627
US_NM_35001,2021-05-07,57427.0,934.0,332576,345627
US_NM_35001,2021-05-08,57427.0,934.0,332576,345627
US_NM_35001,2021-05-09,57427.0,934.0,332576,345627
US_NM_35001,2021-05-10,57582.0,936.0,332576,345627
US_NM_35001,2021-05-11,57638.0,937.0,332576,345627
US_NM_35001,2021-05-12,57705.0,937.0,332576,345627
US_NM_35001,2021-05-13,57776.0,938.0,332576,345627
US_NM_35001,2021-05-14,57848.0,938.0,332576,345627
US_NM_35001,2021-05-15,57848.0,938.0,332576,345627
US_NM_35001,2021-05-16,57848.0,938.0,332576,345627
US_NM_35001,2021-05-17,57990.0,938.0,332576,345627
US_NM_35001,2021-05-18,58032.0,939.0,332576,345627
US_NM_35001,2021-05-19,58080.0,940.0,332576,345627
US_NM_35001,2021-05-20,58137.0,942.0,332576,345627
US_NM_35001,2021-05-21,58178.0,945.0,332576,345627
US_NM_35001,2021-05-22,58178.0,945.0,332576,345627
US_NM_35001,2021-05-23,58178.0,945.0,332576,345627
US_NM_35001,2021-05-24,58260.0,937.0,332576,345627
US_NM_35001,2021-05-25,58298.0,939.0,332576,345627
US_NM_35001,2021-05-26,58339.0,939.0,332576,345627
US_NM_35001,2021-05-27,58377.0,942.0,332576,345627
US_NM_35001,2021-05-28,58408.0,942.0,332576,345627
US_NM_35001,2021-05-29,58408.0,942.0,332576,345627
US_NM_35001,2021-05-30,58408.0,942.0,332576,345627
US_NM_35001,2021-05-31,58408.0,942.0,332576,345627
US_NM_35001,2021-06-01,58494.0,943.0,332576,345627
US_NM_35001,2021-06-02,58514.0,944.0,332576,345627
US_NM_35001,2021-06-03,58550.0,945.0,332576,345627
US_NM_35001,2021-06-04,58593.0,949.0,332576,345627
US_NM_35001,2021-06-05,58593.0,949.0,332576,345627
US_NM_35001,2021-06-06,58593.0,949.0,332576,345627
US_NM_35001,2021-06-07,58631.0,951.0,332576,345627
US_NM_35001,2021-06-08,58652.0,952.0,332576,345627
US_NM_35001,2021-06-09,58678.0,953.0,332576,345627
US_NM_35001,2021-06-10,58698.0,954.0,332576,345627
US_NM_35001,2021-06-11,58733.0,954.0,332576,345627
US_NM_35001,2021-06-12,58733.0,954.0,332576,345627
US_NM_35001,2021-06-13,58733.0,954.0,332576,345627
US_NM_35001,2021-06-14,58790.0,958.0,332576,345627
US_NM_35001,2021-06-15,58815.0,958.0,332576,345627
US_NM_35001,2021-06-16,58835.0,958.0,332576,345627
US_NM_35001,2021-06-17,58858.0,959.0,332576,345627
US_NM_35001,2021-06-18,58892.0,960.0,332576,345627
US_NM_35001,2021-06-19,58892.0,960.0,332576,345627
US_NM_35001,2021-06-20,58892.0,960.0,332576,345627
US_NM_35001,2021-06-21,58947.0,961.0,332576,345627
US_NM_35001,2021-06-22,58976.0,962.0,332576,345627
US_NM_35001,2021-06-23,58999.0,963.0,332576,345627
US_NM_35001,2021-06-24,59024.0,963.0,332576,345627
US_NM_35001,2021-06-25,59043.0,963.0,332576,345627
US_NM_35001,2021-06-26,59043.0,963.0,332576,345627
US_NM_35001,2021-06-27,59043.0,963.0,332576,345627
US_NM_35001,2021-06-28,59085.0,963.0,332576,345627
US_NM_35001,2021-06-29,59098.0,964.0,332576,345627
US_NM_35001,2021-06-30,59118.0,964.0,332576,345627
US_NM_35001,2021-07-01,59131.0,966.0,332576,345627
US_NM_35001,2021-07-02,59153.0,966.0,332576,345627
US_NM_35001,2021-07-03,59153.0,966.0,332576,345627
US_NM_35001,2021-07-04,59153.0,966.0,332576,345627
US_NM_35001,2021-07-05,59153.0,966.0,332576,345627
US_NM_35001,2021-07-06,59212.0,967.0,332576,345627
US_NM_35001,2021-07-07,59239.0,967.0,332576,345627
US_NM_35001,2021-07-08,59285.0,969.0,332576,345627
US_NM_35001,2021-07-09,59327.0,969.0,332576,345627
US_NM_35001,2021-07-10,59327.0,969.0,332576,345627
US_NM_35001,2021-07-11,59327.0,969.0,332576,345627
US_NM_35001,2021-07-12,59425.0,969.0,332576,345627
US_NM_35001,2021-07-13,59460.0,969.0,332576,345627
US_NM_35001,2021-07-14,59522.0,969.0,332576,345627
US_NM_35001,2021-07-15,59545.0,970.0,332576,345627
US_NM_35001,2021-07-16,59591.0,972.0,332576,345627
US_NM_35001,2021-07-17,59591.0,972.0,332576,345627
US_NM_35001,2021-07-18,59591.0,972.0,332576,345627
US_NM_35001,2021-07-19,59719.0,975.0,332576,345627
US_NM_35001,2021-07-20,59776.0,975.0,332576,345627
US_NM_35001,2021-07-21,59853.0,976.0,332576,345627
US_NM_35001,2021-07-22,59924.0,976.0,332576,345627
US_NM_35001,2021-07-23,60017.0,977.0,332576,345627
US_NM_35001,2021-07-24,60017.0,977.0,332576,345627
US_NM_35001,2021-07-25,60017.0,977.0,332576,345627
US_NM_35001,2021-07-26,60249.0,977.0,332576,345627
US_NM_35001,2021-07-27,60317.0,978.0,332576,345627
US_NM_35001,2021-07-28,60431.0,979.0,332576,345627
US_NM_35001,2021-07-29,60528.0,980.0,332576,345627
US_NM_35001,2021-07-30,60621.0,980.0,332576,345627
US_NM_35001,2021-07-31,60621.0,980.0,332576,345627
US_NM_35001,2021-08-01,60621.0,980.0,332576,345627
US_NM_35001,2021-08-02,60961.0,981.0,332576,345627
US_NM_35001,2021-08-03,61093.0,981.0,332576,345627
US_NM_35001,2021-08-04,61300.0,980.0,332576,345627
US_NM_35001,2021-08-05,61446.0,980.0,332576,345627
US_NM_35001,2021-08-06,61638.0,982.0,332576,345627
US_NM_35001,2021-08-07,61638.0,982.0,332576,345627
US_NM_35001,2021-08-08,61638.0,982.0,332576,345627
US_NM_35001,2021-08-09,61975.0,982.0,332576,345627
US_NM_35001,2021-08-10,62175.0,982.0,332576,345627
US_NM_35001,2021-08-11,62349.0,984.0,332576,345627
US_NM_35001,2021-08-12,62485.0,984.0,332576,345627
US_NM_35001,2021-08-13,62682.0,987.0,332576,345627
US_NM_35001,2021-08-14,62682.0,987.0,332576,345627
US_NM_35001,2021-08-15,62682.0,987.0,332576,345627
US_NM_35001,2021-08-16,63221.0,989.0,332576,345627
US_NM_35001,2021-08-17,63391.0,991.0,332576,345627
US_NM_35001,2021-08-18,63660.0,992.0,332576,345627
US_NM_35001,2021-08-19,63859.0,993.0,332576,345627
US_NM_35001,2021-08-20,64028.0,994.0,332576,345627
US_NM_35001,2021-08-21,64028.0,994.0,332576,345627
US_NM_35001,2021-08-22,64028.0,994.0,332576,345627
US_NM_35001,2021-08-23,64530.0,996.0,332576,345627
US_NM_35001,2021-08-24,64784.0,996.0,332576,345627
US_NM_35001,2021-08-25,65020.0,997.0,332576,345627
US_NM_35001,2021-08-26,65241.0,1000.0,332576,345627
US_NM_35001,2021-08-27,65412.0,1002.0,332576,345627
US_NM_35001,2021-08-28,65412.0,1002.0,332576,345627
US_NM_35001,2021-08-29,65412.0,1002.0,332576,345627
US_NM_35001,2021-08-30,65962.0,1003.0,332576,345627
US_NM_35001,2021-08-31,66140.0,1006.0,332576,345627
US_NM_35001,2021-09-01,66361.0,1009.0,332576,345627
US_NM_35001,2021-09-02,66582.0,1011.0,332576,345627
US_NM_35001,2021-09-03,66754.0,1012.0,332576,345627
US_NM_35001,2021-09-04,66754.0,1012.0,332576,345627
US_NM_35001,2021-09-05,66754.0,1012.0,332576,345627
US_NM_35001,2021-09-06,66754.0,1012.0,332576,345627
US_NM_35001,2021-09-07,67462.0,1014.0,332576,345627
US_NM_35001,2021-09-08,67547.0,1016.0,332576,345627
US_NM_35001,2021-09-09,67666.0,1018.0,332576,345627
US_NM_35001,2021-09-10,67826.0,1021.0,332576,345627
US_NM_35001,2021-09-11,67826.0,1021.0,332576,345627
US_NM_35001,2021-09-12,67826.0,1021.0,332576,345627
US_NM_35001,2021-09-13,68316.0,1026.0,332576,345627
US_NM_35001,2021-09-14,68530.0,1028.0,332576,345627
US_NM_35001,2021-09-15,68749.0,1031.0,332576,345627
US_NM_35001,2021-09-16,68980.0,1031.0,332576,345627
US_NM_35001,2021-09-17,69097.0,1033.0,332576,345627
US_NM_35001,2021-09-18,69097.0,1033.0,332576,345627
US_NM_35001,2021-09-19,69097.0,1033.0,332576,345627
US_NM_35001,2021-09-20,69469.0,1040.0,332576,345627
US_NM_35001,2021-09-21,69572.0,1044.0,332576,345627
US_NM_35001,2021-09-22,69781.0,1050.0,332576,345627
US_NM_35001,2021-09-23,69947.0,1057.0,332576,345627
US_NM_35001,2021-09-24,70145.0,1059.0,332576,345627
US_NM_35001,2021-09-25,70145.0,1059.0,332576,345627
US_NM_35001,2021-09-26,70145.0,1059.0,332576,345627
US_NM_35001,2021-09-27,70722.0,1065.0,332576,345627
US_NM_35001,2021-09-28,70857.0,1066.0,332576,345627
US_NM_35001,2021-09-29,71025.0,1067.0,332576,345627
US_NM_35001,2021-09-30,71328.0,1071.0,332576,345627
US_NM_35001,2021-10-01,71541.0,1071.0,332576,345627
US_NM_35001,2021-10-02,71541.0,1071.0,332576,345627
US_NM_35001,2021-10-03,71541.0,1071.0,332576,345627
US_NM_35001,2021-10-04,71952.0,1074.0,332576,345627
US_NM_35001,2021-10-05,72106.0,1075.0,332576,345627
US_NM_35001,2021-10-06,72317.0,1075.0,332576,345627
US_NM_35001,2021-10-07,72529.0,1076.0,332576,345627
US_NM_35001,2021-10-08,72769.0,1080.0,332576,345627
US_NM_35001,2021-10-09,72769.0,1080.0,332576,345627
US_NM_35001,2021-10-10,72769.0,1080.0,332576,345627
US_NM_35001,2021-10-11,72769.0,1080.0,332576,345627
US_NM_35001,2021-10-12,73281.0,1083.0,332576,345627
US_NM_35001,2021-10-13,73479.0,1089.0,332576,345627
US_NM_35001,2021-10-14,73666.0,1093.0,332576,345627
US_NM_35001,2021-10-15,73866.0,1097.0,332576,345627
US_NM_35001,2021-10-16,73866.0,1097.0,332576,345627
US_NM_35001,2021-10-17,73866.0,1097.0,332576,345627
US_NM_35001,2021-10-18,74239.0,1099.0,332576,345627
US_NM_35001,2021-10-19,74408.0,1101.0,332576,345627
US_NM_35001,2021-10-20,74523.0,1106.0,332576,345627
US_NM_35001,2021-10-21,74806.0,1108.0,332576,345627
US_NM_35001,2021-10-22,75035.0,1112.0,332576,345627
US_NM_35001,2021-10-23,75035.0,1112.0,332576,345627
US_NM_35001,2021-10-24,75035.0,1112.0,332576,345627
US_NM_35001,2021-10-25,75623.0,1116.0,332576,345627
US_NM_35001,2021-10-26,75770.0,1117.0,332576,345627
US_NM_35001,2021-10-27,75987.0,1121.0,332576,345627
US_NM_35001,2021-10-28,76290.0,1122.0,332576,345627
US_NM_35001,2021-10-29,76525.0,1123.0,332576,345627
US_NM_35001,2021-10-30,76525.0,1123.0,332576,345627
US_NM_35001,2021-10-31,76525.0,1123.0,332576,345627
US_NM_35001,2021-11-01,77181.0,1124.0,332576,345627
US_NM_35001,2021-11-02,77356.0,1126.0,332576,345627
US_NM_35001,2021-11-03,77628.0,1127.0,332576,345627
US_NM_35001,2021-11-04,77961.0,1130.0,332576,345627
US_NM_35001,2021-11-05,78333.0,1132.0,332576,345627
US_NM_35001,2021-11-06,78333.0,1132.0,332576,345627
US_NM_35001,2021-11-07,78333.0,1132.0,332576,345627
US_NM_35001,2021-11-08,79097.0,1133.0,332576,345627
US_NM_35001,2021-11-09,79512.0,1135.0,332576,345627
US_NM_35001,2021-11-10,79897.0,1136.0,332576,345627
US_NM_35001,2021-11-11,79897.0,1136.0,332576,345627
US_NM_35001,2021-11-12,80823.0,1140.0,332576,345627
US_NM_35001,2021-11-13,80823.0,1140.0,332576,345627
US_NM_35001,2021-11-14,80823.0,1140.0,332576,345627
US_NM_35001,2021-11-15,81829.0,1148.0,332576,345627
US_NM_35001,2021-11-16,82126.0,1150.0,332576,345627
US_NM_35001,2021-11-17,82547.0,1152.0,332576,345627
US_NM_35001,2021-11-18,83014.0,1154.0,332576,345627
US_NM_35001,2021-11-19,83500.0,1161.0,332576,345627
US_NM_35001,2021-11-20,83500.0,1161.0,332576,345627
US_NM_35001,2021-11-21,83500.0,1161.0,332576,345627
US_NM_35001,2021-11-22,84489.0,1167.0,332576,345627
US_NM_35001,2021-11-23,84858.0,1170.0,332576,345627
US_NM_35001,2021-11-24,85278.0,1178.0,332576,345627
US_NM_35001,2021-11-25,85278.0,1178.0,332576,345627
US_NM_35001,2021-11-26,85278.0,1178.0,332576,345627
US_NM_35001,2021-11-27,85278.0,1178.0,332576,345627
US_NM_35001,2021-11-28,85278.0,1178.0,332576,345627
US_NM_35001,2021-11-29,86722.0,1188.0,332576,345627
US_NM_35001,2021-11-30,87061.0,1189.0,332576,345627
US_NM_35001,2021-12-01,87624.0,1192.0,332576,345627
US_NM_35001,2021-12-02,88234.0,1196.0,332576,345627
US_NM_35001,2021-12-03,89031.0,1199.0,332576,345627
US_NM_35001,2021-12-04,89031.0,1199.0,332576,345627
US_NM_35001,2021-12-05,89031.0,1199.0,332576,345627
US_NM_35001,2021-12-06,90355.0,1204.0,332576,345627
US_NM_35001,2021-12-07,90690.0,1204.0,332576,345627
US_NM_35001,2021-12-08,91133.0,1206.0,332576,345627
US_NM_35001,2021-12-09,91622.0,1207.0,332576,345627
US_NM_35001,2021-12-10,91981.0,1212.0,332576,345627
US_NM_35001,2021-12-11,91981.0,1212.0,332576,345627
US_NM_35001,2021-12-12,91981.0,1212.0,332576,345627
US_NM_35001,2021-12-13,92839.0,1214.0,332576,345627
US_NM_35001,2021-12-14,93099.0,1216.0,332576,345627
US_NM_35001,2021-12-15,93472.0,1225.0,332576,345627
US_NM_35001,2021-12-16,93863.0,1235.0,332576,345627
US_NM_35001,2021-12-17,94193.0,1242.0,332576,345627
US_NM_35001,2021-12-18,94193.0,1242.0,332576,345627
US_NM_35001,2021-12-19,94193.0,1242.0,332576,345627
US_NM_35001,2021-12-20,95345.0,1253.0,332576,345627
US_NM_35001,2021-12-21,95608.0,1273.0,332576,345627
US_NM_35001,2021-12-22,95842.0,1285.0,332576,345627
US_NM_35001,2021-12-23,96225.0,1303.0,332576,345627
US_NM_35001,2021-12-24,96225.0,1303.0,332576,345627
US_NM_35001,2021-12-25,96225.0,1303.0,332576,345627
US_NM_35001,2021-12-26,96225.0,1303.0,332576,345627
US_NM_35001,2021-12-27,97176.0,1312.0,332576,345627
US_NM_35001,2021-12-28,97478.0,1316.0,332576,345627
US_NM_35001,2021-12-29,97885.0,1327.0,332576,345627
US_NM_35001,2021-12-30,98677.0,1334.0,332576,345627
US_NM_35001,2021-12-31,98677.0,1334.0,332576,345627
US_NM_35001,2022-01-01,98677.0,1334.0,332576,345627
US_NM_35001,2022-01-02,98677.0,1334.0,332576,345627
US_NM_35001,2022-01-03,101180.0,1338.0,332576,345627
US_NM_35001,2022-01-04,101683.0,1351.0,332576,345627
US_NM_35001,2022-01-05,102607.0,1360.0,332576,345627
US_NM_35001,2022-01-06,103687.0,1371.0,332576,345627
US_NM_35001,2022-01-07,104976.0,1379.0,332576,345627
US_NM_35001,2022-01-08,104976.0,1379.0,332576,345627
US_NM_35001,2022-01-09,104976.0,1379.0,332576,345627
US_NM_35001,2022-01-10,108195.0,1388.0,332576,345627
US_NM_35001,2022-01-11,109067.0,1393.0,332576,345627
US_NM_35001,2022-01-12,111072.0,1402.0,332576,345627
US_NM_35001,2022-01-13,112580.0,1407.0,332576,345627
US_NM_35001,2022-01-14,113944.0,1415.0,332576,345627
US_NM_35001,2022-01-15,113944.0,1415.0,332576,345627
US_NM_35001,2022-01-16,113944.0,1415.0,332576,345627
US_NM_35001,2022-01-17,113944.0,1415.0,332576,345627
US_NM_35001,2022-01-18,120036.0,1430.0,332576,345627
US_NM_35001,2022-01-19,121703.0,1436.0,332576,345627
US_NM_35001,2022-01-20,123249.0,1440.0,332576,345627
US_NM_35001,2022-01-21,124722.0,1445.0,332576,345627
US_NM_35001,2022-01-22,124722.0,1445.0,332576,345627
US_NM_35001,2022-01-23,124722.0,1445.0,332576,345627
US_NM_35001,2022-01-24,128833.0,1456.0,332576,345627
US_NM_35001,2022-01-25,129691.0,1465.0,332576,345627
US_NM_35001,2022-01-26,130854.0,1475.0,332576,345627
US_NM_35001,2022-01-27,132156.0,1484.0,332576,345627
US_NM_35001,2022-01-28,133454.0,1494.0,332576,345627
US_NM_35001,2022-01-29,133454.0,1494.0,332576,345627
US_NM_35001,2022-01-30,133454.0,1494.0,332576,345627
US_NM_35001,2022-01-31,135925.0,1502.0,332576,345627
US_NM_35001,2022-02-01,136359.0,1511.0,332576,345627
US_NM_35001,2022-02-02,136955.0,1513.0,332576,345627
US_NM_35001,2022-02-03,137682.0,1524.0,332576,345627
US_NM_35001,2022-02-04,138118.0,1531.0,332576,345627
US_NM_35001,2022-02-05,138118.0,1531.0,332576,345627
US_NM_35001,2022-02-06,138118.0,1531.0,332576,345627
US_NM_35001,2022-02-07,139486.0,1536.0,332576,345627
US_NM_35001,2022-02-08,139809.0,1537.0,332576,345627
US_NM_35001,2022-02-09,140275.0,1545.0,332576,345627
US_NM_35001,2022-02-10,140857.0,1552.0,332576,345627
US_NM_35001,2022-02-11,141211.0,1556.0,332576,345627
US_NM_35001,2022-02-12,141211.0,1556.0,332576,345627
US_NM_35001,2022-02-13,141211.0,1556.0,332576,345627
US_NM_35001,2022-02-14,142279.0,1566.0,332576,345627
US_NM_35001,2022-02-15,142528.0,1575.0,332576,345627
US_NM_35001,2022-02-16,142834.0,1581.0,332576,345627
US_NM_35001,2022-02-17,143135.0,1589.0,332576,345627
US_NM_35001,2022-02-18,143420.0,1596.0,332576,345627
US_NM_35001,2022-02-19,143420.0,1596.0,332576,345627
US_NM_35001,2022-02-20,143420.0,1596.0,332576,345627
US_NM_35001,2022-02-21,143815.0,1602.0,332576,345627
US_NM_35001,2022-02-22,143949.0,1610.0,332576,345627
US_NM_35001,2022-02-23,144122.0,1618.0,332576,345627
US_NM_35001,2022-02-24,144286.0,1625.0,332576,345627
US_NM_35001,2022-02-25,144430.0,1633.0,332576,345627
US_NM_35001,2022-02-26,144430.0,1633.0,332576,345627
US_NM_35001,2022-02-27,144430.0,1633.0,332576,345627
US_NM_35001,2022-02-28,144684.0,1640.0,332576,345627
US_NM_35001,2022-03-01,144904.0,1641.0,332576,345627
US_NM_35001,2022-03-02,145001.0,1649.0,332576,345627
US_NM_35001,2022-03-03,145083.0,1650.0,332576,345627
US_NM_35001,2022-03-04,145179.0,1656.0,332576,345627
US_NM_35001,2022-03-05,145179.0,1656.0,332576,345627
US_NM_35001,2022-03-06,145179.0,1656.0,332576,345627
US_NM_35001,2022-03-07,145388.0,1664.0,332576,345627
US_NM_35001,2022-03-08,145424.0,1672.0,332576,345627
US_NM_35001,2022-03-09,145504.0,1675.0,332576,345627
US_NM_35001,2022-03-10,145613.0,1679.0,332576,345627
US_NM_35001,2022-03-11,145682.0,1683.0,332576,345627
US_NM_35001,2022-03-12,145682.0,1683.0,332576,345627
US_NM_35001,2022-03-13,145682.0,1683.0,332576,345627
US_NM_35001,2022-03-14,145825.0,1698.0,332576,345627
US_NM_35001,2022-03-15,145869.0,1705.0,332576,345627
US_NM_35001,2022-03-16,145923.0,1711.0,332576,345627
US_NM_35001,2022-03-17,145983.0,1715.0,332576,345627
US_NM_35001,2022-03-18,145983.0,1715.0,332576,345627
US_NM_35001,2022-03-19,145983.0,1715.0,332576,345627
US_NM_35001,2022-03-20,146040.0,1719.0,332576,345627
US_NM_35001,2022-03-21,146168.0,1724.0,332576,345627
US_NM_35001,2022-03-22,146198.0,1731.0,332576,345627
US_NM_35001,2022-03-23,146250.0,1734.0,332576,345627
US_NM_35001,2022-03-24,146311.0,1737.0,332576,345627
US_NM_35001,2022-03-25,146359.0,1742.0,332576,345627
US_NM_35001,2022-03-26,146359.0,1742.0,332576,345627
US_NM_35001,2022-03-27,146359.0,1742.0,332576,345627
US_NM_35001,2022-03-28,146456.0,1748.0,332576,345627
US_NM_35001,2022-03-29,146480.0,1753.0,332576,345627
US_NM_35001,2022-03-30,146523.0,1760.0,332576,345627
US_NM_35001,2022-03-31,146564.0,1768.0,332576,345627
US_NM_35001,2022-04-01,146593.0,1769.0,332576,345627
US_NM_35001,2022-04-02,146593.0,1769.0,332576,345627
US_NM_35001,2022-04-03,146593.0,1769.0,332576,345627
US_NM_35001,2022-04-04,146702.0,1774.0,332576,345627
US_NM_35001,2022-04-05,146744.0,1779.0,332576,345627
US_NM_35001,2022-04-06,146788.0,1786.0,332576,345627
US_NM_35001,2022-04-07,146829.0,1790.0,332576,345627
US_NM_35001,2022-04-08,146878.0,1793.0,332576,345627
US_NM_35001,2022-04-09,146878.0,1793.0,332576,345627
US_NM_35001,2022-04-10,146878.0,1793.0,332576,345627
US_NM_35001,2022-04-11,146966.0,1799.0,332576,345627
US_NM_35001,2022-04-12,146988.0,1801.0,332576,345627
US_NM_35001,2022-04-13,147047.0,1803.0,332576,345627
US_NM_35001,2022-04-14,147121.0,1807.0,332576,345627
US_NM_35001,2022-04-15,147184.0,1810.0,332576,345627
US_NM_35001,2022-04-16,147184.0,1810.0,332576,345627
US_NM_35001,2022-04-17,147184.0,1810.0,332576,345627
US_NM_35001,2022-04-18,147347.0,1811.0,332576,345627
US_NM_35001,2022-04-19,147383.0,1815.0,332576,345627
US_NM_35001,2022-04-20,147434.0,1817.0,332576,345627
US_NM_35001,2022-04-21,147534.0,1817.0,332576,345627
US_NM_35001,2022-04-22,147598.0,1819.0,332576,345627
US_NM_35001,2022-04-23,147598.0,1819.0,332576,345627
US_NM_35001,2022-04-24,147598.0,1819.0,332576,345627
US_NM_35001,2022-04-25,147755.0,1819.0,332576,345627
US_NM_35001,2022-04-26,147755.0,1819.0,332576,345627
US_NM_35001,2022-04-27,147755.0,1819.0,332576,345627
US_NM_35001,2022-04-28,147969.0,1825.0,332576,345627
US_NM_35001,2022-04-29,148049.0,1829.0,332576,345627
US_NM_35001,2022-04-30,148049.0,1829.0,332576,345627
US_NM_35001,2022-05-01,148049.0,1829.0,332576,345627
US_NM_35001,2022-05-02,148266.0,1833.0,332576,345627
US_NM_35001,2022-05-03,148349.0,1835.0,332576,345627
US_NM_35001,2022-05-04,148451.0,1837.0,332576,345627
US_NM_35001,2022-05-05,148599.0,1839.0,332576,345627
US_NM_35001,2022-05-06,148716.0,1840.0,332576,345627
US_NM_35001,2022-05-07,148716.0,1840.0,332576,345627
US_NM_35001,2022-05-08,148716.0,1840.0,332576,345627
US_NM_35001,2022-05-09,148997.0,1844.0,332576,345627
US_NM_35001,2022-05-10,149099.0,1847.0,332576,345627
US_NM_35001,2022-05-11,149232.0,1850.0,332576,345627
US_NM_35001,2022-05-12,149415.0,1851.0,332576,345627
US_NM_35001,2022-05-13,149543.0,1854.0,332576,345627
US_NM_35001,2022-05-14,,,332576,345627
US_NM_35001,2022-05-15,,,332576,345627
US_NM_35001,2022-05-16,,,332576,345627
US_NM_35001,2022-05-17,,,332576,345627
US_NM_35001,2022-05-18,,,332576,345627
US_NM_35001,2022-05-19,,,332576,345627
US_NM_35001,2022-05-20,,,332576,345627
US_NM_35001,2022-05-21,,,332576,345627
US_NM_35001,2022-05-22,,,332576,345627
US_NM_35001,2022-05-23,,,332576,345627
US_NM_35001,2022-05-24,,,332576,345627
US_NM_35001,2022-05-25,,,332576,345627
US_NM_35001,2022-05-26,,,332576,345627
US_NM_35001,2022-05-27,,,332576,345627
US_NM_35001,2022-05-28,,,332576,345627
US_NM_35001,2022-05-29,,,332576,345627
US_NM_35001,2022-05-30,,,332576,345627
US_NM_35001,2022-05-31,,,332576,345627
US_NM_35001,2022-06-01,,,332576,345627
US_NM_35001,2022-06-02,,,332576,345627
US_NM_35001,2022-06-03,,,332576,345627
US_NM_35001,2022-06-04,,,332576,345627
US_NM_35001,2022-06-05,,,332576,345627
US_NM_35001,2022-06-06,,,332576,345627
US_NM_35001,2022-06-07,,,332576,345627
US_NM_35001,2022-06-08,,,332576,345627
US_NM_35001,2022-06-09,,,332576,345627
US_NM_35001,2022-06-10,,,332576,345627
US_NM_35001,2022-06-11,,,332576,345627
US_NM_35001,2022-06-12,,,332576,345627
US_NM_35001,2022-06-13,,,332576,345627
US_NM_35001,2022-06-14,,,332576,345627
US_NM_35001,2022-06-15,,,332576,345627
US_NM_35001,2022-06-16,,,332576,345627
US_NM_35001,2022-06-17,,,332576,345627
US_NM_35001,2022-06-18,,,332576,345627
US_NM_35001,2022-06-19,,,332576,345627
US_NM_35001,2022-06-20,,,332576,345627
US_NM_35001,2022-06-21,,,332576,345627
US_NM_35001,2022-06-22,,,332576,345627
US_NM_35001,2022-06-23,,,332576,345627
US_NM_35001,2022-06-24,,,332576,345627
US_NM_35001,2022-06-25,,,332576,345627
US_NM_35001,2022-06-26,,,332576,345627
US_NM_35001,2022-06-27,,,332576,345627
US_NM_35001,2022-06-28,,,332576,345627
US_NM_35001,2022-06-29,,,332576,345627
US_NM_35001,2022-06-30,,,332576,345627
US_NM_35001,2022-07-01,,,332576,345627
US_NM_35001,2022-07-02,,,332576,345627
US_NM_35001,2022-07-03,,,332576,345627
US_NM_35001,2022-07-04,,,332576,345627
US_NM_35001,2022-07-05,,,332576,345627
US_NM_35001,2022-07-06,,,332576,345627
US_NM_35001,2022-07-07,,,332576,345627
US_NM_35001,2022-07-08,,,332576,345627
US_NM_35001,2022-07-09,,,332576,345627
US_NM_35001,2022-07-10,,,332576,345627
US_NM_35001,2022-07-11,,,332576,345627
US_NM_35001,2022-07-12,,,332576,345627
US_NM_35001,2022-07-13,,,332576,345627
US_NM_35001,2022-07-14,,,332576,345627
US_NM_35001,2022-07-15,,,332576,345627
US_NM_35001,2022-07-16,,,332576,345627
US_NM_35001,2022-07-17,,,332576,345627
US_NM_35001,2022-07-18,,,332576,345627
US_NM_35001,2022-07-19,,,332576,345627
US_NM_35001,2022-07-20,,,332576,345627
US_NM_35001,2022-07-21,,,332576,345627
US_NM_35001,2022-07-22,,,332576,345627
US_NM_35001,2022-07-23,,,332576,345627
US_NM_35001,2022-07-24,,,332576,345627
US_NM_35001,2022-07-25,,,332576,345627
US_NM_35001,2022-07-26,,,332576,345627
US_NM_35001,2022-07-27,,,332576,345627
US_NM_35001,2022-07-28,,,332576,345627
US_NM_35001,2022-07-29,,,332576,345627
US_NM_35001,2022-07-30,,,332576,345627
US_NM_35001,2022-07-31,,,332576,345627
US_NM_35001,2022-08-01,,,332576,345627
US_NM_35001,2022-08-02,,,332576,345627
US_NM_35001,2022-08-03,,,332576,345627
US_NM_35001,2022-08-04,,,332576,345627
US_NM_35001,2022-08-05,,,332576,345627
US_NM_35001,2022-08-06,,,332576,345627
US_NM_35001,2022-08-07,,,332576,345627
US_NM_35001,2022-08-08,,,332576,345627
US_NM_35001,2022-08-09,,,332576,345627
US_NM_35001,2022-08-10,,,332576,345627
US_NM_35001,2022-08-11,,,332576,345627
US_NM_35001,2022-08-12,,,332576,345627
US_NM_35001,2022-08-13,,,332576,345627
US_NM_35001,2022-08-14,,,332576,345627
US_NM_35001,2022-08-15,,,332576,345627
US_NM_35001,2022-08-16,,,332576,345627
US_NM_35001,2022-08-17,,,332576,345627
US_NM_35001,2022-08-18,,,332576,345627
US_NM_35001,2022-08-19,,,332576,345627
US_NM_35001,2022-08-20,,,332576,345627
US_NM_35001,2022-08-21,,,332576,345627
US_NM_35001,2022-08-22,,,332576,345627
US_NM_35001,2022-08-23,,,332576,345627
US_NM_35001,2022-08-24,,,332576,345627
US_NM_35001,2022-08-25,,,332576,345627
US_NM_35001,2022-08-26,,,332576,345627
US_NM_35001,2022-08-27,,,332576,345627
US_NM_35001,2022-08-28,,,332576,345627
US_NM_35001,2022-08-29,,,332576,345627
US_NM_35001,2022-08-30,,,332576,345627
US_NM_35001,2022-08-31,,,332576,345627
US_NM_35001,2022-09-01,,,332576,345627
US_NM_35001,2022-09-02,,,332576,345627
US_NM_35001,2022-09-03,,,332576,345627
US_NM_35001,2022-09-04,,,332576,345627
US_NM_35001,2022-09-05,,,332576,345627
US_NM_35001,2022-09-06,,,332576,345627
US_NM_35001,2022-09-07,,,332576,345627
US_NM_35001,2022-09-08,,,332576,345627
US_NM_35001,2022-09-09,,,332576,345627
US_NM_35001,2022-09-10,,,332576,345627
US_NM_35001,2022-09-11,,,332576,345627
US_NM_35001,2022-09-12,,,332576,345627
US_NM_35001,2022-09-13,,,332576,345627
US_NM_35001,2022-09-14,,,332576,345627
US_NM_35001,2022-09-15,,,332576,345627
US_NM_35001,2022-09-16,,,332576,345627
US_NM_35001,2022-09-17,,,332576,345627
