date,cumulative_confirmed,cumulative_deceased,cumulative_persons_vaccinated,cumulative_persons_fully_vaccinated,cumulative_hospitalized_patients,population,population_male,population_female,rainfall_mm,snowfall_mm,dew_point,relative_humidity
01/01/2020,,,,,,2117522,1159699,1195606,0,,-9.388889,48.062617
01/02/2020,,,,,,2117522,1159699,1195606,0.181429,,-4.771605,60.902545
01/03/2020,,,,,,2117522,1159699,1195606,0.6858,,-6.62963,63.339341
01/04/2020,,,,,,2117522,1159699,1195606,0,,-7.691358,48.235715
01/05/2020,,,,,,2117522,1159699,1195606,0,,-6.790123,45.928002
01/06/2020,,,,,,2117522,1159699,1195606,0,,-9.969136,35.131557
01/07/2020,,,,,,2117522,1159699,1195606,0,,-13.197531,32.783873
01/08/2020,,,,,,2117522,1159699,1195606,0,,-12.141975,36.038393
01/09/2020,,,,,,2117522,1159699,1195606,0,,-10.376543,31.156988
01/10/2020,,,,,,2117522,1159699,1195606,0.254,,-5.45679,50.640578
01/11/2020,,,,,,2117522,1159699,1195606,0.5334,,-11.030864,45.583929
01/12/2020,,,,,,2117522,1159699,1195606,0,,-10.975309,34.417822
01/13/2020,,,,,,2117522,1159699,1195606,0,,-11.302469,30.947449
01/14/2020,,,,,,2117522,1159699,1195606,0,,-11.691358,27.201607
01/15/2020,,,,,,2117522,1159699,1195606,0,,-11.481481,24.726391
01/16/2020,,,,,,2117522,1159699,1195606,0.0635,,-7.117284,41.080221
01/17/2020,,,,,,2117522,1159699,1195606,0.959556,,1.290123,73.887986
01/18/2020,,,,,,2117522,1159699,1195606,0.0254,,-7.395062,43.051001
01/19/2020,,,,,,2117522,1159699,1195606,0,,-8.240741,44.148165
01/20/2020,,,,,,2117522,1159699,1195606,0,,-5.888889,52.361331
01/21/2020,,,,,,2117522,1159699,1195606,0.790222,,-1.734568,65.907457
01/22/2020,0,0,,,,2117522,1159699,1195606,2.003778,,1.518519,77.830113
01/23/2020,0,0,,,,2117522,1159699,1195606,0,,-2.95679,57.95371
01/24/2020,0,0,,,,2117522,1159699,1195606,0,,-3.185185,58.360629
01/25/2020,0,0,,,,2117522,1159699,1195606,0,,-3.407407,52.005196
01/26/2020,0,0,,,,2117522,1159699,1195606,0,,-4.549383,47.030113
01/27/2020,0,0,,,,2117522,1159699,1195606,0.028222,,-3.685185,52.572144
01/28/2020,0,0,,,,2117522,1159699,1195606,0.0762,,-6.783951,45.295288
01/29/2020,0,0,,,,2117522,1159699,1195606,0,,-10.271605,41.11118
01/30/2020,0,0,,,,2117522,1159699,1195606,0,,-7.117284,45.564936
01/31/2020,0,0,,,,2117522,1159699,1195606,0.0508,,-8.382716,41.695605
02/01/2020,0,0,,,,2117522,1159699,1195606,0,,-10.734568,32.874793
02/02/2020,0,0,,,,2117522,1159699,1195606,0,,-7.430556,39.31056
02/03/2020,0,0,,,,2117522,1159699,1195606,0,,-7.450617,31.249652
02/04/2020,0,0,,,,2117522,1159699,1195606,1.058333,30.48,-3.37037,57.774966
02/05/2020,0,0,,,,2117522,1159699,1195606,1.524,30.48,-10.209877,69.560482
02/06/2020,0,0,,,,2117522,1159699,1195606,0.2286,,-12.32716,46.659108
02/07/2020,0,0,,,,2117522,1159699,1195606,0,,-4.845679,43.776498
02/08/2020,0,0,,,,2117522,1159699,1195606,0,,-5.333333,37.877078
02/09/2020,0,0,,,,2117522,1159699,1195606,0,,-7.845679,27.705519
02/10/2020,0,0,,,,2117522,1159699,1195606,0.22225,,-0.265432,57.980434
02/11/2020,0,0,,,,2117522,1159699,1195606,8.551333,,-0.438272,84.343774
02/12/2020,0,0,,,,2117522,1159699,1195606,3.443111,,-3.777778,82.620846
02/13/2020,0,0,,,,2117522,1159699,1195606,0.1778,,-4.851852,65.787955
02/14/2020,0,0,,,,2117522,1159699,1195606,0.0254,,-3.561728,61.458192
02/15/2020,0,0,,,,2117522,1159699,1195606,0,,-2.944444,48.771239
02/16/2020,0,0,,,,2117522,1159699,1195606,0,,-5.814815,36.657779
02/17/2020,0,0,,,,2117522,1159699,1195606,0,,-3.222222,36.703228
02/18/2020,0,0,,,,2117522,1159699,1195606,0,,-1.938272,48.791985
02/19/2020,0,0,,,,2117522,1159699,1195606,0,,-0.808642,62.404319
02/20/2020,0,0,,,,2117522,1159699,1195606,0,,-1.246914,66.922788
02/21/2020,0,0,,,,2117522,1159699,1195606,0,,-3.024691,70.219828
02/22/2020,0,0,,,,2117522,1159699,1195606,0.112889,,0.82716,69.953102
02/23/2020,0,0,,,,2117522,1159699,1195606,1.2065,,2.259259,66.042469
02/24/2020,0,0,,,,2117522,1159699,1195606,0.254,,-3.839506,46.691952
02/25/2020,0,0,,,,2117522,1159699,1195606,0,,-13.530864,27.784986
02/26/2020,0,0,,,,2117522,1159699,1195606,0,,-14.092593,38.264701
02/27/2020,0,0,,,,2117522,1159699,1195606,0,,-13.580247,29.037968
02/28/2020,0,0,,,,2117522,1159699,1195606,0,,-12.333333,24.703509
02/29/2020,0,0,,,,2117522,1159699,1195606,0,,-10.901235,24.811474
03/01/2020,0,0,,,,2117522,1159699,1195606,0,,-7.117284,28.793312
03/02/2020,0,0,,,,2117522,1159699,1195606,0,,-5.049383,36.671093
03/03/2020,0,0,,,,2117522,1159699,1195606,0.4318,,-6.537037,37.901699
03/04/2020,0,0,,,,2117522,1159699,1195606,0.5842,,-3.771605,50.14627
03/05/2020,0,0,,,,2117522,1159699,1195606,0.0508,,-5.080247,41.835945
03/06/2020,0,0,,,,2117522,1159699,1195606,0,,-4.111111,41.049168
03/07/2020,0,0,,,,2117522,1159699,1195606,0,,-1.814815,45.420321
03/08/2020,0,0,,,,2117522,1159699,1195606,0.28575,,3.388889,56.858083
03/09/2020,0,0,,,,2117522,1159699,1195606,3.471333,,2.611111,67.182189
03/10/2020,0,0,,,,2117522,1159699,1195606,0,,0.839506,48.591244
03/11/2020,0,0,,,,2117522,1159699,1195606,0.338667,,5.030864,57.159576
03/12/2020,4,0,,,,2117522,1159699,1195606,0.635,,6.734568,62.233852
03/13/2020,6,0,,,,2117522,1159699,1195606,3.048,,7.740741,76.891829
03/14/2020,10,0,,,,2117522,1159699,1195606,2.032,,-0.08642,51.3932
03/15/2020,13,0,,,,2117522,1159699,1195606,0,,1.277778,55.678742
03/16/2020,17,0,,,,2117522,1159699,1195606,0,,-0.617284,44.876718
03/17/2020,21,0,,,,2117522,1159699,1195606,0,,-2.697531,35.534815
03/18/2020,23,0,,,,2117522,1159699,1195606,1.197429,,2.641975,57.920066
03/19/2020,28,0,,,,2117522,1159699,1195606,4.572,,0.271605,60.100396
03/20/2020,35,0,,,,2117522,1159699,1195606,0,,-2.851852,52.042136
03/21/2020,43,0,,,,2117522,1159699,1195606,0.084667,,0.364198,58.160318
03/22/2020,57,0,,,,2117522,1159699,1195606,0.395111,,-3.623457,38.770878
03/23/2020,65,0,,,,2117522,1159699,1195606,0,,-5.216049,28.51244
03/24/2020,83,1,,,,2117522,1159699,1195606,0,,-6.049383,28.115515
03/25/2020,100,1,,,,2117522,1159699,1195606,0,,-7.425926,21.868901
03/26/2020,112,1,,,,2117522,1159699,1195606,0,,-1.148148,28.630567
03/27/2020,136,1,,,,2117522,1159699,1195606,0.592667,,0.074074,40.353828
03/28/2020,191,2,,,,2117522,1159699,1195606,0.127,,-9.567901,32.854295
03/29/2020,208,2,,,,2117522,1159699,1195606,0,,-10.259259,26.451513
03/30/2020,237,4,,,,2117522,1159699,1195606,0,,-9.135802,23.785372
03/31/2020,281,5,,,,2117522,1159699,1195606,0,,-8.987654,24.270437
04/01/2020,315,6,,,,2117522,1159699,1195606,0,,-7.04321,19.976669
04/02/2020,363,7,,,,2117522,1159699,1195606,0,,-6.820988,19.761537
04/03/2020,403,10,,,,2117522,1159699,1195606,0,,-6.506173,25.079728
04/04/2020,495,11,,,,2117522,1159699,1195606,0.028222,,-3.691358,34.663105
04/05/2020,543,12,,,,2117522,1159699,1195606,0,,-7.012346,23.034995
04/06/2020,624,12,,,,2117522,1159699,1195606,0,,-7.191358,21.071524
04/07/2020,686,13,,,,2117522,1159699,1195606,0,,-7.296296,21.338858
04/08/2020,794,16,,,,2117522,1159699,1195606,0,,-4.962963,24.574492
04/09/2020,865,19,,,,2117522,1159699,1195606,0,,-2.648148,27.128055
04/10/2020,989,19,,,,2117522,1159699,1195606,0,,-6.555556,24.675141
04/11/2020,1091,20,,,,2117522,1159699,1195606,0,,-11.91358,16.446683
04/12/2020,1174,26,,,,2117522,1159699,1195606,0,,-4.697531,31.006453
04/13/2020,1245,31,,,181,2117522,1159699,1195606,2.76225,,-0.425926,59.214625
04/14/2020,1345,36,,,181,2117522,1159699,1195606,2.9845,,-3.45679,53.509024
04/15/2020,1484,36,,,215,2117522,1159699,1195606,0,,-10.388889,26.691834
04/16/2020,1597,44,,,230,2117522,1159699,1195606,0,,-8.901235,21.154862
04/17/2020,1711,51,,,242,2117522,1159699,1195606,0,,-7.808642,22.565124
04/18/2020,1798,53,,,258,2117522,1159699,1195606,0,,-6.098765,24.274108
04/19/2020,1845,55,,,274,2117522,1159699,1195606,0,,-5.882716,24.981482
04/20/2020,1971,58,,,291,2117522,1159699,1195606,0,,-5.666667,23.605219
04/21/2020,2072,65,,,306,2117522,1159699,1195606,0,,-5.358025,22.404121
04/22/2020,2210,71,,,331,2117522,1159699,1195606,0,,-3.160494,28.264413
04/23/2020,2379,78,,,367,2117522,1159699,1195606,0,,-5.364198,23.405506
04/24/2020,2521,84,,,412,2117522,1159699,1195606,0,,-4.728395,20.291658
04/25/2020,2660,93,,,412,2117522,1159699,1195606,0,,-5.530864,22.296015
04/26/2020,2726,99,,,412,2117522,1159699,1195606,0,,-5.018519,21.055809
04/27/2020,2823,104,,,481,2117522,1159699,1195606,0,,-4.833333,17.513222
04/28/2020,2974,110,,,509,2117522,1159699,1195606,0,,-4.469136,17.039868
04/29/2020,3213,112,,,536,2117522,1159699,1195606,0,,-2.253086,23.603557
04/30/2020,3411,123,,,536,2117522,1159699,1195606,0.169333,,-0.549383,26.243728
05/01/2020,3513,131,,,587,2117522,1159699,1195606,0,,-1.623457,19.141445
05/02/2020,3732,139,,,587,2117522,1159699,1195606,0,,-7.283951,13.153222
05/03/2020,3850,151,,,587,2117522,1159699,1195606,0,,-4.5,16.194346
05/04/2020,4031,156,,,667,2117522,1159699,1195606,0,,-5.277778,15.251669
05/05/2020,4138,162,,,687,2117522,1159699,1195606,0,,-2,23.73667
05/06/2020,4291,169,,,687,2117522,1159699,1195606,0,,-0.654321,25.710719
05/07/2020,4493,172,,,760,2117522,1159699,1195606,0,,-4.895062,14.744812
05/08/2020,4673,181,,,789,2117522,1159699,1195606,0,,-9.148148,14.806056
05/09/2020,4778,191,,,789,2117522,1159699,1195606,0,,-5.222222,22.071485
05/10/2020,4863,200,,,789,2117522,1159699,1195606,0,,-1.635802,25.65089
05/11/2020,5069,208,,,886,2117522,1159699,1195606,0.22225,,4.493827,41.225548
05/12/2020,5212,219,,,886,2117522,1159699,1195606,1.016,,2.808642,37.459658
05/13/2020,5364,231,,,886,2117522,1159699,1195606,0,,-4.234568,19.4019
05/14/2020,5503,242,,,886,2117522,1159699,1195606,0,,-5.975309,16.914562
05/15/2020,5662,253,,,886,2117522,1159699,1195606,0,,-5.635802,17.591177
05/16/2020,5847,259,,,886,2117522,1159699,1195606,0,,-4.716049,18.147339
05/17/2020,5938,265,,,886,2117522,1159699,1195606,0,,0.623457,26.024614
05/18/2020,6096,270,,,886,2117522,1159699,1195606,0,,-4.049383,15.416724
05/19/2020,6192,276,,,886,2117522,1159699,1195606,0,,-3.450617,16.103558
05/20/2020,6317,283,,,1139,2117522,1159699,1195606,0,,-6.240741,14.898677
05/21/2020,6472,294,,,1139,2117522,1159699,1195606,0,,-13.728395,9.805439
05/22/2020,6625,302,,,1139,2117522,1159699,1195606,0,,-13.95679,9.679962
05/23/2020,6795,308,,,1139,2117522,1159699,1195606,0,,-9.716049,11.978862
05/24/2020,6943,317,,,1243,2117522,1159699,1195606,0,,-7.475309,14.326397
05/25/2020,7026,320,,,1264,2117522,1159699,1195606,0,,-4.246914,22.892813
05/26/2020,7130,325,,,1282,2117522,1159699,1195606,0,,1.067901,34.446157
05/27/2020,7252,329,,,1282,2117522,1159699,1195606,0,,-3.41358,17.835783
05/28/2020,7364,335,,,1317,2117522,1159699,1195606,0,,0.45679,21.896534
05/29/2020,7493,344,,,1317,2117522,1159699,1195606,0,,3.734568,27.110359
05/30/2020,7624,351,,,1317,2117522,1159699,1195606,0.649111,,4.493827,28.418549
05/31/2020,7689,356,,,1317,2117522,1159699,1195606,0.5715,,5.216049,32.933061
06/01/2020,7800,362,,,1317,2117522,1159699,1195606,0,,3.5,28.135559
06/02/2020,8024,367,,,1416,2117522,1159699,1195606,3.01625,,7.512346,39.95414
06/03/2020,8140,375,,,1416,2117522,1159699,1195606,1.197429,,7.419753,35.1798
06/04/2020,8353,383,,,1416,2117522,1159699,1195606,0.112889,,3.95679,23.742266
06/05/2020,8672,387,,,1489,2117522,1159699,1195606,0,,0.814815,17.645625
06/06/2020,8800,392,,,1489,2117522,1159699,1195606,0.649111,,7.17284,28.420737
06/07/2020,8940,396,,,1533,2117522,1159699,1195606,0.2286,,-3.950617,14.967138
06/08/2020,9062,400,,,1558,2117522,1159699,1195606,0,,-1.098765,18.420436
06/09/2020,9105,404,,,1583,2117522,1159699,1195606,0,,-10.265432,14.11676
06/10/2020,9250,410,,,1583,2117522,1159699,1195606,0,,-10.783951,12.299551
06/11/2020,9367,420,,,1625,2117522,1159699,1195606,0.0254,,-5.993827,14.315775
06/12/2020,9526,426,,,1625,2117522,1159699,1195606,1.439333,,6.222222,35.884148
06/13/2020,9621,431,,,1625,2117522,1159699,1195606,0.254,,7.222222,38.296198
06/14/2020,9723,435,,,1625,2117522,1159699,1195606,0.987778,,4.987654,30.887703
06/15/2020,9845,440,,,1686,2117522,1159699,1195606,0.620889,,3.388889,26.032483
06/16/2020,9933,447,,,1698,2117522,1159699,1195606,0.225778,,5.54321,32.388713
06/17/2020,10065,452,,,1715,2117522,1159699,1195606,0.5715,,2.734568,23.751762
06/18/2020,10153,456,,,1726,2117522,1159699,1195606,0,,-7.1875,11.856212
06/19/2020,10260,464,,,1735,2117522,1159699,1195606,0,,-7.861111,12.11104
06/20/2020,10430,466,,,1740,2117522,1159699,1195606,0,,-2.888889,17.901812
06/21/2020,10565,469,,,1746,2117522,1159699,1195606,0,,-6.340278,11.733373
06/22/2020,10694,469,,,1754,2117522,1159699,1195606,0,,-2.965278,14.180544
06/23/2020,10838,476,,,1776,2117522,1159699,1195606,0.09525,,5.617284,27.17667
06/24/2020,10990,480,,,1793,2117522,1159699,1195606,2.794,,8.512346,41.290766
06/25/2020,11192,485,,,1811,2117522,1159699,1195606,1.0668,,5.969136,31.374194
06/26/2020,11408,489,,,1828,2117522,1159699,1195606,0,,2.141975,20.529823
06/27/2020,11619,491,,,1851,2117522,1159699,1195606,0.3048,,0.895062,19.771487
06/28/2020,11809,492,,,1865,2117522,1159699,1195606,0.0508,,0.111111,18.871898
06/29/2020,11982,493,,,1876,2117522,1159699,1195606,0,,0.012346,18.415183
06/30/2020,12147,497,,,1902,2117522,1159699,1195606,0,,-1.030864,17.746232
07/01/2020,12276,500,,,1928,2117522,1159699,1195606,0,,-2.061728,17.28013
07/02/2020,12520,503,,,1945,2117522,1159699,1195606,0,,3.703704,24.223048
07/03/2020,12776,511,,,1970,2117522,1159699,1195606,0.056444,,6.5,28.604409
07/04/2020,13063,513,,,1988,2117522,1159699,1195606,0.072571,,9.481481,36.313158
07/05/2020,13256,513,,,2006,2117522,1159699,1195606,0.127,,7.962963,31.114068
07/06/2020,13507,515,,,2033,2117522,1159699,1195606,0.127,,7.308642,30.812607
07/07/2020,13727,519,,,2056,2117522,1159699,1195606,0.3556,,6.302469,28.03778
07/08/2020,14017,527,,,2101,2117522,1159699,1195606,0.0254,,3.320988,20.593321
07/09/2020,14251,533,,,2137,2117522,1159699,1195606,0,,1.234568,16.044292
07/10/2020,14549,539,,,2161,2117522,1159699,1195606,0,,0.759259,15.003322
07/11/2020,14773,543,,,2187,2117522,1159699,1195606,0,,0.962963,15.423419
07/12/2020,15028,545,,,2204,2117522,1159699,1195606,0.0635,,2.611111,17.058805
07/13/2020,15291,548,,,2227,2117522,1159699,1195606,0,,3.320988,17.193649
07/14/2020,15514,551,,,2261,2117522,1159699,1195606,0.056444,,6.076389,25.273816
07/15/2020,15841,557,,,19,2117522,1159699,1195606,0,,7.5625,29.248871
07/16/2020,16138,562,,,38,2117522,1159699,1195606,0.15875,,8.759259,33.304889
07/17/2020,16456,565,,,62,2117522,1159699,1195606,0.1905,,8.395062,32.801056
07/18/2020,16736,569,,,87,2117522,1159699,1195606,1.4605,,9.395062,33.803185
07/19/2020,16971,571,,,110,2117522,1159699,1195606,1.04775,,9.876543,37.13839
07/20/2020,17215,578,,,133,2117522,1159699,1195606,0.145143,,10.125,39.638001
07/21/2020,17517,588,,,156,2117522,1159699,1195606,0.326571,,9.041667,38.099301
07/22/2020,17828,591,,,168,2117522,1159699,1195606,4.281714,,11.493056,48.93066
07/23/2020,18163,596,,,189,2117522,1159699,1195606,4.445,,14.493056,65.549287
07/24/2020,18475,601,,,210,2117522,1159699,1195606,4.73075,,14.972222,63.866687
07/25/2020,18788,607,,,227,2117522,1159699,1195606,12.7635,,15.416667,70.710904
07/26/2020,19042,614,,,244,2117522,1159699,1195606,3.20675,,15.965278,68.237632
07/27/2020,19502,619,,,257,2117522,1159699,1195606,10.922,,15.284722,68.082495
07/28/2020,19791,626,,,268,2117522,1159699,1195606,0.889,,13.771605,53.140381
07/29/2020,20136,632,,,283,2117522,1159699,1195606,2.1336,,11.493827,42.70597
07/30/2020,20388,635,,,300,2117522,1159699,1195606,0,,6.654321,28.233838
07/31/2020,20600,642,,,316,2117522,1159699,1195606,0,,9.298611,34.596042
08/01/2020,20796,651,,,333,2117522,1159699,1195606,2.878667,,9.654321,41.237791
08/02/2020,21016,654,,,349,2117522,1159699,1195606,3.414889,,10.450617,42.562116
08/03/2020,21130,655,,,361,2117522,1159699,1195606,2.032,,11.388889,49.405289
08/04/2020,21340,658,,,374,2117522,1159699,1195606,0.762,,8.641975,33.017751
08/05/2020,21566,667,,,389,2117522,1159699,1195606,0,,7.376543,29.855476
08/06/2020,21773,669,,,404,2117522,1159699,1195606,0.15875,,9.074074,36.047194
08/07/2020,21965,675,,,424,2117522,1159699,1195606,0.056444,,7.95679,33.728602
08/08/2020,22115,681,,,444,2117522,1159699,1195606,0.7366,,7.555556,33.163851
08/09/2020,22315,685,,,461,2117522,1159699,1195606,0.508,,7.080247,29.926526
08/10/2020,22444,690,,,470,2117522,1159699,1195606,0.3302,,5.08642,24.905389
08/11/2020,22643,693,,,483,2117522,1159699,1195606,0,,2.592593,20.261289
08/12/2020,22816,695,,,500,2117522,1159699,1195606,0,,3.141975,21.272045
08/13/2020,22987,697,,,509,2117522,1159699,1195606,0.3302,,5.598765,24.683479
08/14/2020,23160,703,,,520,2117522,1159699,1195606,0.564444,,6.407407,26.093471
08/15/2020,23302,711,,,535,2117522,1159699,1195606,0,,6.635802,27.470346
08/16/2020,23408,714,,,542,2117522,1159699,1195606,1.524,,7.617284,33.583762
08/17/2020,23500,718,,,552,2117522,1159699,1195606,0.451556,,8.32716,34.640595
08/18/2020,23579,723,,,614,2117522,1159699,1195606,2.159,,7.358025,35.270435
08/19/2020,23749,729,,,618,2117522,1159699,1195606,0,,5.382716,27.302787
08/20/2020,23951,734,,,629,2117522,1159699,1195606,0.056444,,5.962963,25.488794
08/21/2020,24095,739,,,641,2117522,1159699,1195606,0.2286,,5.895062,25.75964
08/22/2020,24302,743,,,656,2117522,1159699,1195606,0,,5.697531,26.251279
08/23/2020,24396,745,,,745,2117522,1159699,1195606,0.366889,,5.061728,25.189055
08/24/2020,24469,747,,,830,2117522,1159699,1195606,0.846667,,7.074074,31.630836
08/25/2020,24535,750,,,841,2117522,1159699,1195606,0.366889,,7.222222,33.275675
08/26/2020,24732,755,,,861,2117522,1159699,1195606,0,,6.049383,29.58169
08/27/2020,24920,764,,,874,2117522,1159699,1195606,0.733778,,7.555556,32.7633
08/28/2020,25042,767,,,885,2117522,1159699,1195606,0,,6.314815,27.069435
08/29/2020,25178,769,,,898,2117522,1159699,1195606,0,,8.259259,33.764075
08/30/2020,25283,770,,,910,2117522,1159699,1195606,1.439333,,8.080247,32.652224
08/31/2020,25352,779,,,920,2117522,1159699,1195606,0,,6.475309,30.203794
09/01/2020,25460,787,,,924,2117522,1159699,1195606,1.0795,,9.518519,44.657965
09/02/2020,25612,790,,,932,2117522,1159699,1195606,0.2286,,6.481481,42.396749
09/03/2020,25812,791,,,941,2117522,1159699,1195606,0,,2.469136,24.741025
09/04/2020,25902,794,,,953,2117522,1159699,1195606,0,,4.055556,25.491081
09/05/2020,26048,800,,,956,2117522,1159699,1195606,0,,4.783951,26.572666
09/06/2020,26107,803,,,960,2117522,1159699,1195606,0,,5.709877,30.826141
09/07/2020,26144,807,,,970,2117522,1159699,1195606,0,,3.641975,23.94432
09/08/2020,26181,807,,,974,2117522,1159699,1195606,0.7874,,2.17284,24.868102
09/09/2020,26268,813,,,985,2117522,1159699,1195606,12.333111,,4.506173,79.168618
09/10/2020,26429,816,,,990,2117522,1159699,1195606,8.777111,,4.567901,86.719545
09/11/2020,26563,818,,,996,2117522,1159699,1195606,0.7366,,7.524691,71.151275
09/12/2020,26661,821,,,1002,2117522,1159699,1195606,0,,7.339506,57.488592
09/13/2020,26761,823,,,1016,2117522,1159699,1195606,0,,3.697531,40.309311
09/14/2020,26842,823,,,1022,2117522,1159699,1195606,0,,5.216049,43.987343
09/15/2020,26923,830,,,1029,2117522,1159699,1195606,0,,7.104938,48.484442
09/16/2020,27041,832,,,1037,2117522,1159699,1195606,0,,3.345679,33.56339
09/17/2020,27199,836,,,1048,2117522,1159699,1195606,0,,2.17284,31.138438
09/18/2020,27350,841,,,1064,2117522,1159699,1195606,0,,3.9375,38.080505
09/19/2020,27512,847,,,1077,2117522,1159699,1195606,0,,5.125,41.375315
09/20/2020,27579,849,,,1133,2117522,1159699,1195606,0,,3.611111,35.526863
09/21/2020,27683,851,,,1143,2117522,1159699,1195606,0,,2.58642,31.197789
09/22/2020,27790,854,,,1148,2117522,1159699,1195606,0,,2.277778,29.791864
09/23/2020,27987,857,,,1158,2117522,1159699,1195606,0,,1.814815,26.32965
09/24/2020,28224,859,,,1167,2117522,1159699,1195606,0.1016,,2.160494,27.713287
09/25/2020,28487,865,,,1175,2117522,1159699,1195606,0,,-0.296296,22.770135
09/26/2020,28692,870,,,1189,2117522,1159699,1195606,0,,-1.347222,18.611793
09/27/2020,28844,870,,,1212,2117522,1159699,1195606,0,,-2.567901,16.902587
09/28/2020,28985,873,,,1223,2117522,1159699,1195606,0,,-1.395062,30.177021
09/29/2020,29157,875,,,1242,2117522,1159699,1195606,0,,-4.444444,27.770893
09/30/2020,29435,877,,,1261,2117522,1159699,1195606,0,,-5.018519,21.904501
10/01/2020,29661,882,,,1284,2117522,1159699,1195606,0,,-3.944444,21.578177
10/02/2020,30000,887,,,1294,2117522,1159699,1195606,0,,-2.765432,25.302106
10/03/2020,30296,890,,,1309,2117522,1159699,1195606,0,,-5.944444,18.934917
10/04/2020,30477,892,,,1339,2117522,1159699,1195606,0,,-1.277778,30.198596
10/05/2020,30632,894,,,1353,2117522,1159699,1195606,0,,-2.895062,23.089812
10/06/2020,30947,894,,,1367,2117522,1159699,1195606,0,,-8.617284,14.319263
10/07/2020,31372,896,,,1393,2117522,1159699,1195606,0,,-8.173611,15.033677
10/08/2020,31756,899,,,1418,2117522,1159699,1195606,0,,-9.012346,13.933793
10/09/2020,32241,902,,,1436,2117522,1159699,1195606,0,,-8.333333,14.359998
10/10/2020,32722,907,,,1451,2117522,1159699,1195606,0,,-7.284722,16.225391
10/11/2020,32983,911,,,1488,2117522,1159699,1195606,0,,-7.298611,16.267346
10/12/2020,33362,915,,,1517,2117522,1159699,1195606,0,,-7.987654,16.853528
10/13/2020,33713,918,,,1532,2117522,1159699,1195606,0,,-8.703704,16.545822
10/14/2020,34290,921,,,1550,2117522,1159699,1195606,0,,-9.17284,13.928244
10/15/2020,34958,922,,,1577,2117522,1159699,1195606,0,,-7.401235,17.21863
10/16/2020,35770,928,,,1600,2117522,1159699,1195606,0,,-3.697531,29.884066
10/17/2020,36343,929,,,1632,2117522,1159699,1195606,0,,-3.698413,27.117181
10/18/2020,36788,934,,,1664,2117522,1159699,1195606,0,,-8.071429,15.787252
10/19/2020,37302,935,,,1697,2117522,1159699,1195606,0,,-8.524691,14.758251
10/20/2020,37896,942,,,1730,2117522,1159699,1195606,0,,-9.234568,15.691591
10/21/2020,38715,950,,,1779,2117522,1159699,1195606,0,,-9.833333,15.628106
10/22/2020,39377,953,,,1833,2117522,1159699,1195606,0,,-8.814815,15.816819
10/23/2020,40168,960,,,1878,2117522,1159699,1195606,0,,-3.626984,28.459999
10/24/2020,41040,965,,,1938,2117522,1159699,1195606,0,,-2.284722,37.157234
10/25/2020,41863,967,,,2028,2117522,1159699,1195606,0,,-2.506944,24.173168
10/26/2020,42586,976,,,2072,2117522,1159699,1195606,0.181429,30.48,-4.228395,54.121839
10/27/2020,43169,980,,,2123,2117522,1159699,1195606,4.54025,40.64,-7.361111,81.704495
10/28/2020,43826,991,,,2166,2117522,1159699,1195606,3.1115,30.48,-3.180556,81.721596
10/29/2020,44904,994,,,2225,2117522,1159699,1195606,1.608667,30.48,-0.833333,67.3107
10/30/2020,45909,1007,,,2283,2117522,1159699,1195606,0.508,,0.861111,58.916173
10/31/2020,46490,1018,,,2355,2117522,1159699,1195606,0,,0.652778,49.418817
11/01/2020,47232,1026,,,2433,2117522,1159699,1195606,0,,-0.680556,42.530864
11/02/2020,48104,1036,,,2490,2117522,1159699,1195606,0,,-0.979167,42.481236
11/03/2020,49240,1045,,,2556,2117522,1159699,1195606,0,,-0.407407,43.043069
11/04/2020,50251,1059,,,2632,2117522,1159699,1195606,0,,-0.6875,37.936853
11/05/2020,51110,1082,,,2730,2117522,1159699,1195606,0,,-1.847222,33.116595
11/06/2020,52394,1088,,,2808,2117522,1159699,1195606,0,,-4.024691,29.795259
11/07/2020,53671,1104,,,2901,2117522,1159699,1195606,0,,-3.246914,27.717371
11/08/2020,54881,1118,,,2989,2117522,1159699,1195606,1.052286,,2.756944,43.034342
11/09/2020,56289,1130,,,3064,2117522,1159699,1195606,0.395111,,-1.097222,38.609247
11/10/2020,57547,1144,,,3134,2117522,1159699,1195606,0,,-8.902778,37.679982
11/11/2020,59034,1158,,,3340,2117522,1159699,1195606,0,,-11.201389,32.401975
11/12/2020,60776,1176,,,3428,2117522,1159699,1195606,0,,-8.901235,33.038095
11/13/2020,62006,1198,,,3504,2117522,1159699,1195606,0,,-7.771605,34.187847
11/14/2020,63171,1208,,,3627,2117522,1159699,1195606,0,,-5.746914,32.26711
11/15/2020,64201,1215,,,3750,2117522,1159699,1195606,0,,-14.027778,18.822916
11/16/2020,65454,1236,,,3863,2117522,1159699,1195606,0,,-10.790123,22.64667
11/17/2020,67559,1264,,,3961,2117522,1159699,1195606,0,,-8.826389,25.485416
11/18/2020,70451,1290,,,4082,2117522,1159699,1195606,0,,-6.326389,26.643804
11/19/2020,74116,1302,,,4215,2117522,1159699,1195606,0,,-0.765432,32.440378
11/20/2020,77098,1325,,,4334,2117522,1159699,1195606,0,,-1.537037,35.507821
11/21/2020,79440,1350,,,4491,2117522,1159699,1195606,0,,-1.715278,38.468758
11/22/2020,81896,1383,,,4599,2117522,1159699,1195606,0,,0.152778,51.227179
11/23/2020,84148,1400,,,4720,2117522,1159699,1195606,0,,4.302469,69.129282
11/24/2020,86247,1428,,,4839,2117522,1159699,1195606,0.0635,,-2.462963,41.806872
11/25/2020,88102,1451,,,4957,2117522,1159699,1195606,0,,-7.283951,40.47672
11/26/2020,89796,1469,,,5079,2117522,1159699,1195606,0,,-9.423611,30.759951
11/27/2020,91852,1504,,,5185,2117522,1159699,1195606,0,,-9.243056,36.083329
11/28/2020,93982,1527,,,5309,2117522,1159699,1195606,0.1905,,-2.87037,62.141561
11/29/2020,95417,1540,,,5425,2117522,1159699,1195606,0.4318,,-7.290123,46.29307
11/30/2020,97095,1568,,,5552,2117522,1159699,1195606,0,,-11.179012,39.20561
12/01/2020,99419,1589,,,5689,2117522,1159699,1195606,0,,-11.419753,36.601277
12/02/2020,100963,1629,,,5811,2117522,1159699,1195606,0.22225,,-9.229167,46.492932
12/03/2020,102862,1673,,,5966,2117522,1159699,1195606,0.1016,,-12.228395,50.821976
12/04/2020,104935,1706,,,6111,2117522,1159699,1195606,0.084667,,-13.597222,38.888954
12/05/2020,106856,1738,,,6256,2117522,1159699,1195606,0,,-11.923611,34.234368
12/06/2020,108088,1749,,,6394,2117522,1159699,1195606,0,,-11.722222,32.709346
12/07/2020,109947,1756,,,6515,2117522,1159699,1195606,0,,-13.401235,25.318638
12/08/2020,111202,1789,,,6641,2117522,1159699,1195606,0,,-13.583333,26.255042
12/09/2020,112950,1823,,,6760,2117522,1159699,1195606,0,,-14.039683,24.758695
12/10/2020,114731,1846,,,6883,2117522,1159699,1195606,0.705556,,-5.462963,51.696421
12/11/2020,116565,1889,,,6997,2117522,1159699,1195606,5.136444,,-0.574074,65.104492
12/12/2020,118358,1913,,,7137,2117522,1159699,1195606,0,,-5.738095,50.363851
12/13/2020,119800,1957,,,7284,2117522,1159699,1195606,0,,-9.436508,44.935908
12/14/2020,121299,1978,,,7396,2117522,1159699,1195606,0,,-10.506173,49.81088
12/15/2020,122557,2006,,,7512,2117522,1159699,1195606,0,,-8.666667,49.354783
12/16/2020,124357,2049,,,7643,2117522,1159699,1195606,0,,-11.135802,44.789926
12/17/2020,126045,2097,,,7757,2117522,1159699,1195606,0,,-10.185185,45.249077
12/18/2020,127500,2128,,,7878,2117522,1159699,1195606,0,,-9.469136,36.213413
12/19/2020,128930,2155,,,8016,2117522,1159699,1195606,0,,-8.271605,47.204953
12/20/2020,129993,2171,,,8125,2117522,1159699,1195606,0,,-10.475309,38.875551
12/21/2020,130808,2180,,,8228,2117522,1159699,1195606,0,,-10.851852,32.629175
12/22/2020,132075,2203,,,8342,2117522,1159699,1195606,0,,-9.345679,38.212598
12/23/2020,133242,2243,,,8447,2117522,1159699,1195606,0,,-14.401235,23.28016
12/24/2020,135166,2272,,,8603,2117522,1159699,1195606,0,,-19.814815,25.469048
12/25/2020,136622,2307,,,8734,2117522,1159699,1195606,0,,-17.981481,27.284978
12/26/2020,137226,2316,,,8870,2117522,1159699,1195606,0,,-16.123457,28.020907
12/27/2020,137968,2346,,,9015,2117522,1159699,1195606,0,,-12.660494,30.177094
12/28/2020,138659,2380,,,9126,2117522,1159699,1195606,0,,-9.240741,33.987858
12/29/2020,139875,2403,,,9249,2117522,1159699,1195606,0,,-5.802469,43.925721
12/30/2020,141186,2436,,,9376,2117522,1159699,1195606,0,,-9.95679,46.22262
12/31/2020,142864,2477,,,9536,2117522,1159699,1195606,0,,-14.123457,40.082168
01/01/2021,144142,2502,,,9641,2117522,1159699,1195606,0,,-14.987654,34.890899
01/02/2021,145379,2534,,,9755,2117522,1159699,1195606,0,,-15.753086,32.429768
01/03/2021,146394,2551,,,9850,2117522,1159699,1195606,0,,-11.604938,36.290289
01/04/2021,147315,2574,,,9951,2117522,1159699,1195606,0,,-10.438272,34.523233
01/05/2021,148499,2594,,,10071,2117522,1159699,1195606,0,,-10.037037,36.763004
01/06/2021,149984,2641,,,10178,2117522,1159699,1195606,0,,-11.697531,31.694452
01/07/2021,151819,2680,,,10264,2117522,1159699,1195606,0,,-15.259259,27.048045
01/08/2021,153456,2710,,,10368,2117522,1159699,1195606,0,,-15.191358,24.969777
01/09/2021,154954,2732,,,10454,2117522,1159699,1195606,0,,-11.32716,39.869713
01/10/2021,156157,2749,,,10557,2117522,1159699,1195606,1.7145,,-5.783951,69.841517
01/11/2021,157087,2764,,,10676,2117522,1159699,1195606,0.1524,,-8.864198,67.431124
01/12/2021,157974,2794,43344,11335,10768,2117522,1159699,1195606,0,,-10.716049,51.640067
01/13/2021,159119,2807,45873,12426,10874,2117522,1159699,1195606,0,,-13.419753,34.194404
01/14/2021,160543,2836,73428,,10978,2117522,1159699,1195606,0,,-11.166667,27.220287
01/15/2021,161805,2874,80172,18711,11080,2117522,1159699,1195606,0,,-16.512346,18.499112
01/16/2021,162893,2910,,,11188,2117522,1159699,1195606,0,,-14.962963,23.839803
01/17/2021,163637,2932,,,11313,2117522,1159699,1195606,0,,-12.530864,28.071778
01/18/2021,164263,2958,,,11433,2117522,1159699,1195606,0,,-16.018519,19.854122
01/19/2021,164954,2975,112450,23236,11521,2117522,1159699,1195606,0.197556,,-7.117284,47.441496
01/20/2021,165835,3009,116128,24706,11610,2117522,1159699,1195606,0.1016,,-5.067901,63.364722
01/21/2021,166823,3044,122956,27014,11703,2117522,1159699,1195606,0.0254,,-1.932099,64.03737
01/22/2021,167731,3077,130211,29278,11804,2117522,1159699,1195606,0,,-0.820988,69.642631
01/23/2021,168579,3115,148964,33133,11916,2117522,1159699,1195606,0,,-1.475309,54.034256
01/24/2021,169205,3145,162636,34878,12022,2117522,1159699,1195606,0.0254,,-5.679012,43.433035
01/25/2021,169696,3157,166530,35507,12105,2117522,1159699,1195606,0.072571,,-5.820988,57.525642
01/26/2021,170296,3171,171579,35823,12200,2117522,1159699,1195606,0.653143,30.48,-6.092593,63.355048
01/27/2021,171047,3198,176038,38292,12278,2117522,1159699,1195606,0.310444,50.8,-11.018519,54.432576
01/28/2021,171719,3226,180272,41669,12354,2117522,1159699,1195606,0,,-12.623457,40.816593
01/29/2021,172798,3248,189082,46878,12431,2117522,1159699,1195606,0,,-8.839506,40.61289
01/30/2021,173539,3265,195327,50153,12515,2117522,1159699,1195606,0.09525,,-6.302469,43.416442
01/31/2021,174064,3283,204968,56314,12613,2117522,1159699,1195606,0,,-9.277778,40.619083
02/01/2021,174550,3295,212216,60099,12677,2117522,1159699,1195606,0,,-8.104938,41.939606
02/02/2021,174982,3310,213941,60740,12740,2117522,1159699,1195606,0,,-5.469136,36.850229
02/03/2021,175652,3338,219033,62821,12807,2117522,1159699,1195606,0.1524,,-0.925926,44.763582
02/04/2021,176211,3355,224290,67246,12859,2117522,1159699,1195606,0,,-3.203704,35.167366
02/05/2021,176793,3378,231864,71951,12933,2117522,1159699,1195606,0,,-12.382716,25.795211
02/06/2021,177214,3386,240516,78774,12997,2117522,1159699,1195606,0,,-12.425926,24.914494
02/07/2021,177556,3399,245330,83100,13045,2117522,1159699,1195606,0,,-16.253086,17.178391
02/08/2021,177867,3412,251082,87916,13080,2117522,1159699,1195606,0,,-17.018519,13.838749
02/09/2021,178280,3430,253534,88738,13117,2117522,1159699,1195606,0,,-15.222222,14.240599
02/10/2021,178790,3461,258073,92720,13163,2117522,1159699,1195606,0,,-13.975309,16.49994
02/11/2021,179323,3479,264105,101665,13205,2117522,1159699,1195606,0,,-9.074074,29.546416
02/12/2021,179724,3502,272325,111954,13238,2117522,1159699,1195606,0,,-8.381944,35.808469
02/13/2021,180289,3516,276820,118379,13270,2117522,1159699,1195606,0,,-4.160494,49.493529
02/14/2021,180571,3529,286538,128316,13304,2117522,1159699,1195606,6.392333,30.48,-11,66.264573
02/15/2021,180761,3538,,,13324,2117522,1159699,1195606,1.124857,30.48,-15.154321,71.530093
02/16/2021,181060,3550,300709,137520,13358,2117522,1159699,1195606,0.874889,50.8,-5.246914,79.869592
02/17/2021,181332,3562,302820,139262,13397,2117522,1159699,1195606,1.68275,30.48,-5.641975,65.709647
02/18/2021,181739,3580,306504,144049,13435,2117522,1159699,1195606,0.635,50.8,-4.87037,76.394714
02/19/2021,182050,3599,379606,177122,13463,2117522,1159699,1195606,0.254,30.48,-9.320988,52.496661
02/20/2021,182475,3610,386679,186104,13499,2117522,1159699,1195606,0,,-7.611111,42.059968
02/21/2021,182789,3624,394841,194771,13536,2117522,1159699,1195606,0,,-11.617284,25.492829
02/22/2021,183023,3635,409505,200459,13557,2117522,1159699,1195606,0,,-13.024691,27.799135
02/23/2021,183335,3644,414796,203441,13586,2117522,1159699,1195606,0,,-9.326389,31.962008
02/24/2021,183781,3658,414796,206504,13614,2117522,1159699,1195606,0,,-12.598765,22.40455
02/25/2021,184080,3671,417861,214411,13639,2117522,1159699,1195606,0,,-11.530864,30.233272
02/26/2021,184736,3685,438670,224643,13667,2117522,1159699,1195606,0,,-9.840278,35.637862
02/27/2021,184888,3700,450558,233526,13682,2117522,1159699,1195606,0,,-17.847222,15.943084
02/28/2021,185132,3716,467493,245357,13706,2117522,1159699,1195606,0,,-17.263889,19.161711
03/01/2021,185297,3729,470185,248615,13734,2117522,1159699,1195606,0,,-13.625,29.473648
03/02/2021,185542,3740,475459,254632,13761,2117522,1159699,1195606,0,,-14.395833,27.867936
03/03/2021,185898,3753,483920,260535,13779,2117522,1159699,1195606,0,,-14.061728,22.371376
03/04/2021,186156,3769,488139,264446,13809,2117522,1159699,1195606,0.0762,,-8.623457,23.518674
03/05/2021,186460,3787,488139,272879,13830,2117522,1159699,1195606,0,,-6.32716,35.491969
03/06/2021,186742,3796,519972,288529,13857,2117522,1159699,1195606,0,,-4.567901,42.419354
03/07/2021,186922,3808,528061,294681,13882,2117522,1159699,1195606,0,,-7.438272,31.680085
03/08/2021,187040,3813,541044,303277,13906,2117522,1159699,1195606,0,,-7.58642,25.53087
03/09/2021,187238,3832,545238,304689,13927,2117522,1159699,1195606,0,,-6.462963,23.756643
03/10/2021,187487,3841,546442,305392,13948,2117522,1159699,1195606,0,,-7.549383,25.670891
03/11/2021,187720,3847,563149,0,13968,2117522,1159699,1195606,0,,-16.487654,14.450073
03/12/2021,187984,3851,581690,0,13981,2117522,1159699,1195606,0,,-18.753086,10.138037
03/13/2021,188167,3852,581690,326268,14002,2117522,1159699,1195606,0,,-14.91358,18.247156
03/14/2021,188311,3854,608238,348248,14021,2117522,1159699,1195606,0,,-8.283951,43.406467
03/15/2021,188488,3855,613331,353640,14034,2117522,1159699,1195606,0,,-6.037037,37.245828
03/16/2021,188664,3862,621579,363688,14053,2117522,1159699,1195606,0,,-12.666667,19.920948
03/17/2021,188907,3874,630828,368179,14074,2117522,1159699,1195606,0.145143,,-6.932099,42.439412
03/18/2021,189158,3879,642435,378563,14098,2117522,1159699,1195606,0,,-7.580247,34.483708
03/19/2021,189374,3884,658512,390600,14115,2117522,1159699,1195606,0,,-9.12963,26.431108
03/20/2021,189560,3891,677668,407096,14140,2117522,1159699,1195606,0,,-9.703704,20.151808
03/21/2021,189731,3891,691431,419226,14150,2117522,1159699,1195606,0,,-7.876543,20.269691
03/22/2021,189893,3894,699102,425109,14162,2117522,1159699,1195606,0,,-10.919753,21.114887
03/23/2021,190064,3905,701349,426426,14172,2117522,1159699,1195606,0,,-11.876543,23.926348
03/24/2021,190275,3911,706947,431463,14189,2117522,1159699,1195606,2.314222,,-3.074074,57.427456
03/25/2021,190491,3918,722460,440243,14210,2117522,1159699,1195606,5.277556,,-3.962963,64.767231
03/26/2021,190716,3925,739270,450916,14230,2117522,1159699,1195606,0.0508,,-5.728395,39.567037
03/27/2021,190887,3927,757700,462221,14248,2117522,1159699,1195606,0,,-4.925926,39.84778
03/28/2021,191048,3927,778035,477055,14266,2117522,1159699,1195606,0.0254,,-5.944444,36.008209
03/29/2021,191230,3927,785813,485160,14287,2117522,1159699,1195606,0,,-7.62963,25.059851
03/30/2021,191377,3934,787206,486883,14300,2117522,1159699,1195606,0,,-12.611111,12.205666
03/31/2021,191652,3939,797952,493018,14308,2117522,1159699,1195606,0.0762,,-14.709877,18.550553
04/01/2021,191946,3944,811808,503075,14326,2117522,1159699,1195606,0,,-12.018519,22.654704
04/02/2021,192152,3951,828199,519339,14338,2117522,1159699,1195606,0,,-7.339506,23.154278
04/03/2021,192152,3951,843781,534359,14355,2117522,1159699,1195606,0,,-1.012346,27.842771
04/04/2021,192152,3951,858547,544771,14368,2117522,1159699,1195606,0,,-1.358025,29.446918
04/05/2021,192595,3955,863155,549244,14376,2117522,1159699,1195606,0,,-3.314815,23.091403
04/06/2021,192773,3963,864510,550694,14388,2117522,1159699,1195606,0,,-12.919753,10.630922
04/07/2021,192989,3965,868372,554548,14411,2117522,1159699,1195606,0,,-16.746914,10.683986
04/08/2021,193247,3976,888767,570641,14431,2117522,1159699,1195606,0,,-15.679012,10.219317
04/09/2021,193368,3978,904820,587476,14451,2117522,1159699,1195606,0,,-11.820988,12.438424
04/10/2021,193368,3978,904820,587476,14465,2117522,1159699,1195606,0,,-15.506173,12.513668
04/11/2021,193368,3978,920834,604216,14477,2117522,1159699,1195606,0,,-15.160494,10.339522
04/12/2021,193987,3981,942879,621671,14492,2117522,1159699,1195606,0,,-9.660494,17.159919
04/13/2021,194164,3990,944676,624260,14512,2117522,1159699,1195606,0,,-5.969136,26.581171
04/14/2021,194378,3998,951067,632216,14532,2117522,1159699,1195606,0,,-2.376543,34.694895
04/15/2021,194605,3999,964280,640363,14554,2117522,1159699,1195606,0,,-4.055556,30.541583
04/16/2021,194868,4003,975654,655962,14570,2117522,1159699,1195606,0,,-13.734568,14.528888
04/17/2021,194868,4003,992527,667548,14586,2117522,1159699,1195606,0.084667,,-5.358025,38.153626
04/18/2021,194868,4003,1002327,677945,14603,2117522,1159699,1195606,0.395111,,-1.283951,59.901116
04/19/2021,195478,4009,1009080,683924,14616,2117522,1159699,1195606,0.0762,,-3.111111,44.993769
04/20/2021,195615,4012,1009080,683924,14635,2117522,1159699,1195606,0,,-7.006173,28.260263
04/21/2021,195783,4022,1015043,693660,14657,2117522,1159699,1195606,0,,-6.425926,33.622419
04/22/2021,195990,4025,1022968,704616,14678,2117522,1159699,1195606,0.0762,,-7.080247,25.786411
04/23/2021,196221,4026,1030900,721522,14687,2117522,1159699,1195606,0,,-10.12963,17.226235
04/24/2021,196221,4026,1039283,735020,14714,2117522,1159699,1195606,0.028222,,-7.027778,22.787153
04/25/2021,196221,4026,1046951,745059,14725,2117522,1159699,1195606,0,,-9.944444,13.063782
04/26/2021,196844,4029,1050052,748386,14763,2117522,1159699,1195606,0,,-14.351852,9.272949
04/27/2021,196999,4041,1051555,749802,14790,2117522,1159699,1195606,0,,-8.351852,17.099954
04/28/2021,197219,4053,1055793,755789,14814,2117522,1159699,1195606,1.61925,,-1.253086,43.265285
04/29/2021,197447,4060,1061291,764785,14841,2117522,1159699,1195606,4.572,,2.604938,62.167439
04/30/2021,197733,4069,1066741,779361,14859,2117522,1159699,1195606,2.6416,,-0.012346,42.61586
05/01/2021,197733,4069,1073708,795559,14873,2117522,1159699,1195606,0,,0.395062,36.403871
05/02/2021,197733,4069,1073708,795559,14889,2117522,1159699,1195606,0,,-5.87037,15.45703
05/03/2021,198372,4075,1085496,816727,14926,2117522,1159699,1195606,0,,-8.685185,17.221692
05/04/2021,198576,4085,1086281,817718,14948,2117522,1159699,1195606,0.889,,1.54321,49.961295
05/05/2021,198781,4087,1089796,823264,14976,2117522,1159699,1195606,0,,-2.993827,23.344035
05/06/2021,199054,4091,1094583,835272,15003,2117522,1159699,1195606,0,,-1.858025,25.048359
05/07/2021,199333,4100,1100463,847535,15023,2117522,1159699,1195606,0,,2.783951,28.120017
05/08/2021,199333,4100,1105318,863845,15064,2117522,1159699,1195606,0.508,,-4.888889,18.7367
05/09/2021,199333,4100,1110016,871789,15089,2117522,1159699,1195606,0,,-8.561728,15.634582
05/10/2021,199901,4108,1114569,878160,15106,2117522,1159699,1195606,0,,-7.592593,18.567377
05/11/2021,200037,4110,1116460,880151,15129,2117522,1159699,1195606,0,,-5.839506,20.65836
05/12/2021,200232,4113,1119152,884819,15160,2117522,1159699,1195606,0.0254,,1.716049,44.846874
05/13/2021,200432,4114,1123386,902795,15186,2117522,1159699,1195606,0.0254,,3.339506,41.266183
05/14/2021,200650,4115,1127199,911391,15206,2117522,1159699,1195606,0.0254,,1.95679,29.245387
05/15/2021,200650,4115,1133145,922041,15221,2117522,1159699,1195606,0.41275,,3.067901,34.250142
05/16/2021,200650,4115,1138920,927408,15235,2117522,1159699,1195606,0.056444,,0.364198,27.648113
05/17/2021,201186,4118,1138906,927399,15263,2117522,1159699,1195606,0.3048,,-7.703704,16.848614
05/18/2021,201336,4120,1145094,936258,15291,2117522,1159699,1195606,0.127,,-2.475309,33.087651
05/19/2021,201489,4124,1149260,941868,15312,2117522,1159699,1195606,0.282222,,3.197531,44.115292
05/20/2021,201695,4128,1156807,948428,15333,2117522,1159699,1195606,0.254,,0.944444,27.924416
05/21/2021,201868,4133,1156807,948428,15363,2117522,1159699,1195606,0,,-4.197531,16.813065
05/22/2021,201868,4133,1167850,958928,15386,2117522,1159699,1195606,0,,1.796296,30.315084
05/23/2021,201868,4133,1178247,970617,15408,2117522,1159699,1195606,0.3302,,1.462963,28.900595
05/24/2021,202221,4247,1183096,972891,15427,2117522,1159699,1195606,0,,-12.91358,10.565794
05/25/2021,202405,4253,1184139,973947,15447,2117522,1159699,1195606,0,,-14.135802,8.175967
05/26/2021,202573,4256,1188995,980700,15470,2117522,1159699,1195606,0,,-14.04321,8.034174
05/27/2021,202701,4261,1193507,985346,15486,2117522,1159699,1195606,0,,-8.969136,11.316552
05/28/2021,202821,4265,1201295,994725,15512,2117522,1159699,1195606,0,,-4.462963,17.678235
05/29/2021,202821,4265,1206512,999301,15526,2117522,1159699,1195606,0,,-1.734568,23.255971
05/30/2021,202821,4265,1211260,1003052,15540,2117522,1159699,1195606,0,,3.209877,35.274318
05/31/2021,202821,4265,1211260,1003052,15550,2117522,1159699,1195606,0.705556,,8.358025,55.906546
06/01/2021,203151,4266,1213351,1005056,15568,2117522,1159699,1195606,3.527778,,5.919753,49.996158
06/02/2021,203222,4270,1214184,1006019,15585,2117522,1159699,1195606,0,,4.530864,39.293814
06/03/2021,203330,4275,1216637,1009421,15609,2117522,1159699,1195606,0.225778,,4.839506,36.822643
06/04/2021,203472,4282,1220154,1013369,15617,2117522,1159699,1195606,0.907143,,5.938272,37.87901
06/05/2021,203472,4282,1220694,1013896,15627,2117522,1159699,1195606,0.0635,,3.487654,28.453885
06/06/2021,203472,4282,1224090,1018206,15643,2117522,1159699,1195606,0.072571,,3.296296,25.514128
06/07/2021,203686,4288,1227490,1023353,15653,2117522,1159699,1195606,0,,-0.876543,18.062524
06/08/2021,203748,4289,1229899,1027403,15667,2117522,1159699,1195606,0,,-6.777778,11.386112
06/09/2021,203823,4294,1230152,1027932,15684,2117522,1159699,1195606,0,,-9.506173,9.258123
06/10/2021,203919,4297,1232814,1032269,15692,2117522,1159699,1195606,0,,-8.623457,9.470654
06/11/2021,204044,4299,1235549,1036832,15709,2117522,1159699,1195606,0,,-9.209877,8.329352
06/12/2021,204044,4299,1238194,1039657,15721,2117522,1159699,1195606,0,,-0.950617,17.011512
06/13/2021,204044,4299,1242176,1050734,15731,2117522,1159699,1195606,0,,4.524691,23.041973
06/14/2021,204271,4304,1244183,1053538,15745,2117522,1159699,1195606,0,,1.925926,18.201412
06/15/2021,204392,4304,1247431,1060930,15761,2117522,1159699,1195606,0,,4.783951,22.500635
06/16/2021,204472,4307,1254785,1070030,15780,2117522,1159699,1195606,0,,1.753086,18.880834
06/17/2021,204577,4312,1259214,1076745,15794,2117522,1159699,1195606,0,,1.962963,18.156962
06/18/2021,204698,4318,1264158,1084351,15806,2117522,1159699,1195606,0,,-1.246914,15.718584
06/19/2021,204698,4318,1266726,1087843,15820,2117522,1159699,1195606,0,,0.703704,16.525719
06/20/2021,204698,4318,1273894,1097878,15830,2117522,1159699,1195606,0.870857,,2.561728,18.136905
06/21/2021,204961,4328,1275754,1100060,15838,2117522,1159699,1195606,0,,4.419753,22.849533
06/22/2021,205058,4332,1276470,1100922,15845,2117522,1159699,1195606,0,,8.648148,35.279486
06/23/2021,205134,4334,1277559,1102629,15859,2117522,1159699,1195606,0,,2.969136,19.794302
06/24/2021,205215,4336,1281992,1108356,15874,2117522,1159699,1195606,0.4572,,6.746914,28.27619
06/25/2021,205290,4337,1288292,1116287,15885,2117522,1159699,1195606,0.8128,,7.228395,31.619647
06/26/2021,205290,4337,1290829,1120116,15900,2117522,1159699,1195606,0,,2.487654,23.823811
06/27/2021,205290,4337,1293406,1123465,15915,2117522,1159699,1195606,2.850444,,7.680556,42.570259
06/28/2021,205438,4338,1294380,1125022,15922,2117522,1159699,1195606,9.369778,,12.368056,76.104682
06/29/2021,205484,4340,1294771,1125628,15936,2117522,1159699,1195606,8.212667,,13.790123,87.944223
06/30/2021,205542,4342,1318661,1142420,15949,2117522,1159699,1195606,10.809111,,14.493827,85.84584
07/01/2021,205629,4345,1321330,1145072,15960,2117522,1159699,1195606,6.152444,,15.339506,72.313491
07/02/2021,205715,4346,1323553,1149880,15970,2117522,1159699,1195606,0.169333,,14.654321,61.476193
07/03/2021,205715,4346,1325678,1153097,15984,2117522,1159699,1195606,3.894667,,15.018519,62.572931
07/04/2021,205715,4346,1327780,1156190,15995,2117522,1159699,1195606,2.483556,,13.876543,51.779697
07/05/2021,205715,4346,1327780,1156190,16003,2117522,1159699,1195606,0.169333,,13.024691,46.905987
07/06/2021,205915,4348,1329207,1157532,16024,2117522,1159699,1195606,9.256889,,14.82716,59.472678
07/07/2021,205996,4349,1329852,1158358,16033,2117522,1159699,1195606,18.570222,,15.006173,64.139696
07/08/2021,206128,4355,1331524,1160537,16053,2117522,1159699,1195606,1.778,,12.783951,49.489099
07/09/2021,206252,4356,1333543,1162938,16073,2117522,1159699,1195606,0,,11.271605,39.775918
07/10/2021,206252,4356,1335438,1165333,16090,2117522,1159699,1195606,0.169333,,10.567901,36.436286
07/11/2021,206252,4356,1337302,1167558,16099,2117522,1159699,1195606,1.11125,,13.209877,46.043554
07/12/2021,206551,4360,1338350,1168764,16107,2117522,1159699,1195606,5.898444,,14.154321,61.849991
07/13/2021,206666,4361,1338410,1168803,16125,2117522,1159699,1195606,0,,12.364198,47.409367
07/14/2021,206846,4364,1340015,1171058,16138,2117522,1159699,1195606,0.2032,,9.907407,39.175555
07/15/2021,207002,4374,1341566,1173006,16151,2117522,1159699,1195606,2.667,,12.432099,49.949934
07/16/2021,207189,4381,1343581,1175106,16164,2117522,1159699,1195606,1.213556,,12.814815,51.386902
07/17/2021,207189,4381,1345395,1176938,16178,2117522,1159699,1195606,0.072571,,12.034722,45.774456
07/18/2021,207189,4381,1346508,1178008,16198,2117522,1159699,1195606,2.54,,14.148148,54.955449
07/19/2021,207566,4385,1348419,1179795,16214,2117522,1159699,1195606,1.100667,,15.04321,61.455074
07/20/2021,207701,4389,1348419,1179795,16234,2117522,1159699,1195606,0.028222,,13.604938,53.465325
07/21/2021,207972,4394,1350317,1181421,16248,2117522,1159699,1195606,0.2286,,11.839506,47.764396
07/22/2021,208243,4396,1353125,1183675,16271,2117522,1159699,1195606,0,,10.030864,40.774066
07/23/2021,208487,4399,1355256,1185557,16295,2117522,1159699,1195606,1.693333,,11.839506,50.04592
07/24/2021,208487,4399,1357347,1187032,16313,2117522,1159699,1195606,2.878667,,13.240741,64.389819
07/25/2021,208487,4399,1359386,1188553,16331,2117522,1159699,1195606,0.34925,,13.981481,61.266808
07/26/2021,209118,4402,1360679,1189282,16356,2117522,1159699,1195606,0.98425,,13.938272,59.952571
07/27/2021,209356,4404,1361408,1189697,16380,2117522,1159699,1195606,0.169333,,13.061728,51.992322
07/28/2021,209684,4409,1363192,1190810,16413,2117522,1159699,1195606,0.0635,,12.932099,50.968029
07/29/2021,210085,4410,1365816,1192293,16434,2117522,1159699,1195606,0.395111,,11.864198,46.637187
07/30/2021,210416,4412,1369002,1194187,16456,2117522,1159699,1195606,0,,10.45679,43.342232
07/31/2021,210416,4412,1374231,1198386,16480,2117522,1159699,1195606,0,,9.802469,41.020998
08/01/2021,210416,4412,1377897,1202247,16513,2117522,1159699,1195606,2.963333,,12.598765,53.906578
08/02/2021,211492,4416,1379643,1203197,16541,2117522,1159699,1195606,4.289778,,13.32716,60.594708
08/03/2021,211970,4417,1380196,1203488,16572,2117522,1159699,1195606,0.423333,,13.37037,55.760717
08/04/2021,212577,4418,1383239,1205059,16601,2117522,1159699,1195606,3.7338,,12.882716,56.391701
08/05/2021,213247,4421,1386196,1206469,16644,2117522,1159699,1195606,2.358571,,11.314815,48.702797
08/06/2021,213793,4427,1389769,1208255,16673,2117522,1159699,1195606,0.056444,,9.395062,36.768832
08/07/2021,213793,4427,1393328,1210029,16712,2117522,1159699,1195606,0.028222,,7.814815,30.882645
08/08/2021,213793,4427,1397335,1212220,16752,2117522,1159699,1195606,0.127,,4.425926,27.385773
08/09/2021,215098,4427,1399576,1213350,16791,2117522,1159699,1195606,0.4826,,5.722222,27.686816
08/10/2021,215781,4432,1400463,1213844,16828,2117522,1159699,1195606,1.044222,,11.006173,42.006145
08/11/2021,216494,4439,1402965,1215174,16882,2117522,1159699,1195606,0.536222,,12.555556,51.506596
08/12/2021,217773,4443,1406382,1217270,16919,2117522,1159699,1195606,0.8255,,13.049383,53.048448
08/13/2021,218569,4448,1409744,1219251,16974,2117522,1159699,1195606,4.995333,,14.888889,71.010068
08/14/2021,218569,4448,1410127,1219486,17021,2117522,1159699,1195606,6.7818,,15.166667,76.46084
08/15/2021,218569,4448,1410559,1219759,17070,2117522,1159699,1195606,6.9342,,13.993827,66.926327
08/16/2021,220340,4453,1417433,1223383,17125,2117522,1159699,1195606,0.649111,,13.209877,61.033312
08/17/2021,221087,4457,1418742,1224169,17190,2117522,1159699,1195606,2.413,,12.537037,61.669955
08/18/2021,221961,4461,1421677,1225742,17246,2117522,1159699,1195606,0,,12.407407,52.3645
08/19/2021,222928,4465,1424770,1228094,17298,2117522,1159699,1195606,0.544286,,12.098765,52.132574
08/20/2021,223796,4474,1429547,1231002,17346,2117522,1159699,1195606,0,,8.796296,40.020466
08/21/2021,223796,4474,1433199,1233296,17404,2117522,1159699,1195606,0,,7,35.331834
08/22/2021,223796,4474,1437174,1235566,17459,2117522,1159699,1195606,0,,11.617284,46.631868
08/23/2021,225994,4483,1439915,1237349,17528,2117522,1159699,1195606,1.185333,,13.222222,51.403186
08/24/2021,226868,4485,1441755,1238378,17591,2117522,1159699,1195606,1.27,,10.95679,44.505474
08/25/2021,227636,4490,1445801,1243806,17649,2117522,1159699,1195606,0,,7.462963,34.070468
08/26/2021,228558,4499,1449543,1246733,17706,2117522,1159699,1195606,0,,9,36.195467
08/27/2021,229509,4507,1453436,1249329,17791,2117522,1159699,1195606,3.429,,11.580247,46.965831
08/28/2021,229509,4507,1453436,1249329,17855,2117522,1159699,1195606,0.217714,,11.839506,52.576931
08/29/2021,229509,4507,1461773,1255176,17912,2117522,1159699,1195606,0.564444,,11.314815,49.969587
08/30/2021,231785,4514,1464180,1256883,17976,2117522,1159699,1195606,2.370667,,12.790123,56.464385
08/31/2021,232614,4520,1465483,1257905,18037,2117522,1159699,1195606,2.0066,,12.635802,53.178313
09/01/2021,233487,4531,1468079,1260112,18106,2117522,1159699,1195606,0.4445,,14.290123,61.408054
09/02/2021,234475,4546,1471388,1262474,18179,2117522,1159699,1195606,3.951111,,14.932099,71.796166
09/03/2021,235390,4554,1474434,1265467,18242,2117522,1159699,1195606,0.451556,,12.802469,55.828887
09/04/2021,235390,4554,1480470,1271565,18314,2117522,1159699,1195606,0.28575,,14.104938,57.536946
09/05/2021,235390,4554,1480470,1271565,18380,2117522,1159699,1195606,1.100667,,13.919753,59.509875
09/06/2021,235390,4554,1480470,1271565,18428,2117522,1159699,1195606,0,,12.222222,53.818326
09/07/2021,237889,4564,1482909,1274164,18472,2117522,1159699,1195606,0,,8.320988,37.872609
09/08/2021,238430,4579,1483454,1274822,18526,2117522,1159699,1195606,0,,7.82716,35.902762
09/09/2021,239006,4587,1484821,1277057,18583,2117522,1159699,1195606,0,,8.561728,37.342163
09/10/2021,239886,4607,1487207,1280011,18645,2117522,1159699,1195606,0,,5.759259,30.516114
09/11/2021,239886,4607,1489726,1282665,18700,2117522,1159699,1195606,0,,3.271605,26.467678
09/12/2021,239886,4607,1490501,1283092,18759,2117522,1159699,1195606,0,,2.475309,25.891267
09/13/2021,241663,4621,1490501,1283092,18811,2117522,1159699,1195606,0,,1.074074,23.832702
09/14/2021,242399,4633,1495421,1288968,18873,2117522,1159699,1195606,0,,2.166667,23.350011
09/15/2021,243085,4651,1497063,1291139,18935,2117522,1159699,1195606,0.1778,,5.382716,31.945827
09/16/2021,243962,4664,1499143,1293631,18990,2117522,1159699,1195606,0.0254,,3.641975,28.960697
09/17/2021,244720,4677,1501118,1296999,19041,2117522,1159699,1195606,0,,-0.5,20.220506
09/18/2021,244720,4677,1503071,1299802,19098,2117522,1159699,1195606,0,,4.623457,32.808505
09/19/2021,244720,4677,1505304,1303164,19132,2117522,1159699,1195606,0.028222,,6.228395,32.099659
09/20/2021,246229,4691,1506419,1304964,19176,2117522,1159699,1195606,0.0762,,5.055556,30.053653
09/21/2021,246639,4702,1507195,1306182,19231,2117522,1159699,1195606,0,,0.314815,29.003687
09/22/2021,247353,4721,1508469,1308193,19272,2117522,1159699,1195606,0,,1.840278,34.122473
09/23/2021,248075,4737,1510068,1310636,19315,2117522,1159699,1195606,0,,0.881944,29.779694
09/24/2021,248788,4751,1511636,1313066,19360,2117522,1159699,1195606,0,,3.173611,31.131427
09/25/2021,248788,4751,1513201,1315179,19410,2117522,1159699,1195606,0.310444,,6.981481,48.53485
09/26/2021,248788,4751,1515062,1317839,19443,2117522,1159699,1195606,0.874889,,9.444444,60.291886
09/27/2021,250774,4766,1516419,1318969,19487,2117522,1159699,1195606,2.413,,9.12963,60.601806
09/28/2021,251384,4778,1516419,1318969,19526,2117522,1159699,1195606,0.987778,,8.82716,61.000438
09/29/2021,252017,4790,1518717,1321259,19585,2117522,1159699,1195606,1.213556,,8.777778,61.431232
09/30/2021,253024,4803,1522096,1324646,19641,2117522,1159699,1195606,0.536222,,7.030864,60.271312
10/01/2021,253815,4814,1523778,1326551,19697,2117522,1159699,1195606,7.902222,,8.567901,78.005978
10/02/2021,253815,4814,1525208,1328405,19754,2117522,1159699,1195606,0.9144,,6.104938,63.497304
10/03/2021,253815,4814,1527840,1330621,19784,2117522,1159699,1195606,0,,5.796296,53.281552
10/04/2021,255577,4825,1529238,1331870,19825,2117522,1159699,1195606,0,,4.8125,45.897873
10/05/2021,256115,4832,1529877,1332380,19874,2117522,1159699,1195606,0,,4.265432,40.559385
10/06/2021,256947,4842,1530816,1333184,19954,2117522,1159699,1195606,0.03175,,5.604938,43.016296
10/07/2021,257970,4856,1532845,1334679,20023,2117522,1159699,1195606,0.0254,,4.62963,40.642137
10/08/2021,258943,4871,1533448,1334938,20076,2117522,1159699,1195606,0,,2.166667,33.477575
10/09/2021,258943,4871,1536800,1337808,20112,2117522,1159699,1195606,0,,2.901235,32.062191
10/10/2021,258943,4871,1536800,1337808,20148,2117522,1159699,1195606,0,,0.950617,34.865199
10/11/2021,258943,4871,1536800,1337808,20183,2117522,1159699,1195606,0.3048,,-4.135802,30.448194
10/12/2021,261370,4887,1540378,1340700,20241,2117522,1159699,1195606,0,,-0.246914,32.012609
10/13/2021,262078,4901,1541474,1341592,20296,2117522,1159699,1195606,0.0254,,-5.530864,31.269176
10/14/2021,262954,4921,1543437,1344070,20349,2117522,1159699,1195606,0,,-5.54321,31.612333
10/15/2021,263755,4932,1545246,1345811,20416,2117522,1159699,1195606,0,,-7.944444,26.679391
10/16/2021,263755,4932,1547214,1347476,20457,2117522,1159699,1195606,0,,-9.006173,26.703325
10/17/2021,263755,4932,1547648,1347783,20492,2117522,1159699,1195606,0,,-4.481481,31.28003
10/18/2021,265632,4944,1550179,1349792,20539,2117522,1159699,1195606,0,,0.654321,34.758615
10/19/2021,266148,4954,1550671,1350200,20602,2117522,1159699,1195606,0,,-0.209877,32.996717
10/20/2021,266777,4968,1552213,1351378,20661,2117522,1159699,1195606,0,,-4.41358,28.880753
10/21/2021,267909,4975,1554011,1352852,20703,2117522,1159699,1195606,0,,-6,25.042127
10/22/2021,268891,4989,1582222,1373334,20780,2117522,1159699,1195606,0,,-4.882716,25.824285
10/23/2021,268891,4989,1584040,1374772,20849,2117522,1159699,1195606,0,,-1.740741,29.90114
10/24/2021,268891,4989,1585981,1376253,20921,2117522,1159699,1195606,0,,-2.944444,26.105859
10/25/2021,271212,5004,1587247,1376884,20971,2117522,1159699,1195606,0,,-2.148148,27.510019
10/26/2021,271898,5014,1502526,1296913,21053,2117522,1159699,1195606,0,,-0.919753,29.640639
10/27/2021,272855,5029,1504453,1298056,21126,2117522,1159699,1195606,0.0254,,-7.469136,30.222162
10/28/2021,274155,5041,1507268,1299579,21190,2117522,1159699,1195606,0,,-6.796296,29.588887
10/29/2021,275209,5051,1509685,1300930,21257,2117522,1159699,1195606,0,,-4.95679,32.685008
10/30/2021,275209,5051,1511520,1301847,21322,2117522,1159699,1195606,0,,-5.777778,28.112915
10/31/2021,275209,5051,1513789,1302961,21386,2117522,1159699,1195606,0,,-4.475309,29.754028
11/01/2021,277835,5063,1515135,1303647,21449,2117522,1159699,1195606,0,,-1.851852,39.717709
11/02/2021,278509,5075,1515875,1303949,21517,2117522,1159699,1195606,0,,-2.969136,37.103354
11/03/2021,279670,5087,1518871,1305618,21587,2117522,1159699,1195606,0,,-3.339506,37.329498
11/04/2021,281282,5103,1521006,1306836,21655,2117522,1159699,1195606,0,,-1.024691,49.680937
11/05/2021,282742,5115,1522958,1308007,21716,2117522,1159699,1195606,0,,-3.290123,37.442989
11/06/2021,282742,5115,1525104,1309084,21784,2117522,1159699,1195606,0,,-6.598765,27.616758
11/07/2021,282742,5115,1528799,1310545,21846,2117522,1159699,1195606,0,,-6.253086,23.816369
11/08/2021,286086,5126,1531342,1311518,21907,2117522,1159699,1195606,0,,-6.12963,25.827388
11/09/2021,287221,5137,1533066,1311937,22005,2117522,1159699,1195606,0,,-5.401235,28.035899
11/10/2021,288557,5150,1535598,1313122,22074,2117522,1159699,1195606,0,,-5.709877,26.565701
11/11/2021,288557,5150,1535598,1313122,22142,2117522,1159699,1195606,0,,-7.820988,27.774057
11/12/2021,292078,5171,1543990,1315870,22212,2117522,1159699,1195606,0,,-7.759259,28.047588
11/13/2021,292078,5171,1547553,1317122,22277,2117522,1159699,1195606,0,,-6.716049,31.718839
11/14/2021,292078,5171,1552018,1318211,22347,2117522,1159699,1195606,0,,-6.098765,29.393041
11/15/2021,295767,5193,1557160,1318945,22418,2117522,1159699,1195606,0.3048,,-7.703704,24.446023
11/16/2021,296790,5205,1559393,1319377,22501,2117522,1159699,1195606,0.0254,,-9.685185,21.689705
11/17/2021,298313,5217,1563111,1320417,22567,2117522,1159699,1195606,0,,-10.41358,20.898334
11/18/2021,300101,5240,1563111,1320417,22645,2117522,1159699,1195606,0,,-10.722222,32.367734
11/19/2021,301937,5265,1567466,1321668,22722,2117522,1159699,1195606,0,,-10.932099,31.564993
11/20/2021,301937,5265,1573157,1322948,22804,2117522,1159699,1195606,0,,-7.864198,31.688427
11/21/2021,301937,5265,1578355,1324381,22885,2117522,1159699,1195606,0,,-6.790123,31.03149
11/22/2021,305579,5279,1588251,1326452,22969,2117522,1159699,1195606,0,,-6.753086,42.673876
11/23/2021,306743,5291,1588251,1326452,23040,2117522,1159699,1195606,0,,-8.32716,35.853255
11/24/2021,308152,5312,1594411,1328003,23110,2117522,1159699,1195606,0.290286,,-0.91358,45.752721
11/25/2021,308152,5312,1594411,1328003,23171,2117522,1159699,1195606,0.15875,,-3.722222,47.925336
11/26/2021,308152,5312,1594411,1328003,23232,2117522,1159699,1195606,0.2032,,-5.604938,50.194198
11/27/2021,308152,5312,1594411,1328003,23295,2117522,1159699,1195606,2.032,,-5.969136,40.264942
11/28/2021,308152,5312,1594411,1328003,23357,2117522,1159699,1195606,2.032,,-7.296296,36.763769
11/29/2021,313139,5357,1594411,1328003,23445,2117522,1159699,1195606,0,,-7.493827,34.522937
11/30/2021,314264,5369,1605513,1331844,23520,2117522,1159699,1195606,0,,-6.753086,35.115152
12/01/2021,316089,5381,1608854,1334001,23615,2117522,1159699,1195606,0,,-7.623457,31.996509
12/02/2021,318135,5395,1612702,1336646,23697,2117522,1159699,1195606,0,,-8.771605,30.668101
12/03/2021,320520,5409,1617797,1339372,23757,2117522,1159699,1195606,0,,-5.185185,35.615897
12/04/2021,320520,5409,1622069,1341483,23831,2117522,1159699,1195606,0,,-5.191358,39.232761
12/05/2021,320520,5409,1625938,1344630,23909,2117522,1159699,1195606,0,,-6.574074,33.866922
12/06/2021,324311,5421,1628368,1347715,23970,2117522,1159699,1195606,0,,-8.604938,33.499751
12/07/2021,325272,5432,1629897,1349097,24057,2117522,1159699,1195606,0,,-7.222222,35.664375
12/08/2021,326713,5447,1632925,1351607,24155,2117522,1159699,1195606,0,,-5.141975,46.782054
12/09/2021,328332,5461,1636113,1353853,24234,2117522,1159699,1195606,0.1524,,-5.944444,35.156945
12/10/2021,329768,5474,1640335,1356853,24306,2117522,1159699,1195606,0.09525,,-3.037037,41.284176
12/11/2021,329778,5474,1644029,1359215,24382,2117522,1159699,1195606,0.1778,,-14.333333,30.778033
12/12/2021,329778,5474,1647823,1362087,24442,2117522,1159699,1195606,0,,-15.648148,28.621434
12/13/2021,332238,5486,1650509,1365278,24516,2117522,1159699,1195606,0,,-10.814815,35.334874
12/14/2021,332975,5493,1651896,1366147,24572,2117522,1159699,1195606,0,,-6.481481,39.506476
12/15/2021,334324,5518,1651896,1366147,24649,2117522,1159699,1195606,0.09525,,-1.635802,40.568819
12/16/2021,335617,5551,1654855,1368664,24709,2117522,1159699,1195606,0,,-8.901235,38.046949
12/17/2021,336787,5579,1661657,1372909,24757,2117522,1159699,1195606,0,,-7.462963,41.15682
12/18/2021,336790,5579,1661657,1372909,24823,2117522,1159699,1195606,0,,-11.746914,36.910396
12/19/2021,336790,5579,1668623,1376236,24875,2117522,1159699,1195606,0,,-13.530864,38.804414
12/20/2021,339894,5616,1670472,1377245,24931,2117522,1159699,1195606,0,,-15.975309,25.789963
12/21/2021,340604,5664,1671919,1378152,24994,2117522,1159699,1195606,0,,-18.123457,18.796576
12/22/2021,341509,5703,1674829,1379928,25054,2117522,1159699,1195606,0,,-15.895062,19.205586
12/23/2021,342649,5747,1681126,1382669,25129,2117522,1159699,1195606,0,,-10.450617,26.852855
12/24/2021,342649,5747,1681126,1382669,25193,2117522,1159699,1195606,0,,-0.771605,45.198335
12/25/2021,342649,5747,1681126,1382669,25244,2117522,1159699,1195606,0.677333,,1.746914,59.178434
12/26/2021,342649,5747,1681126,1382669,25290,2117522,1159699,1195606,0,,-3.950617,32.472022
12/27/2021,345663,5776,1685949,1385111,25341,2117522,1159699,1195606,0,,-10.283951,29.582071
12/28/2021,346461,5798,1686495,1385417,25401,2117522,1159699,1195606,0.056444,,-5.481481,43.950792
12/29/2021,347831,5831,1688933,1387134,25462,2117522,1159699,1195606,0,,-6.87037,43.756356
12/30/2021,350043,5857,1692585,1389097,25534,2117522,1159699,1195606,0.1016,,-6.111111,50.658067
12/31/2021,350043,5857,1692585,1389097,25603,2117522,1159699,1195606,0,,-0.364198,68.489865
01/01/2022,350043,5857,1692585,1389097,25670,2117522,1159699,1195606,18.570222,,0.209877,75.845391
01/02/2022,350043,5857,1692585,1389097,25719,2117522,1159699,1195606,5.7404,,-14.814815,45.247738
01/03/2022,357480,5868,1692585,1389097,25794,2117522,1159699,1195606,0,,-12.302469,50.891588
01/04/2022,359116,5899,1697420,1392059,25865,2117522,1159699,1195606,0,,-10.561728,47.549858
01/05/2022,361629,5935,1699320,1393646,25943,2117522,1159699,1195606,0,,-9.555556,38.92229
01/06/2022,364861,5971,1699320,1393646,26022,2117522,1159699,1195606,0,,-5.716049,41.879014
01/07/2022,369113,5985,1702151,1395271,26092,2117522,1159699,1195606,0,,-4.777778,45.783463
01/08/2022,369113,5985,1708107,1398891,26174,2117522,1159699,1195606,0,,-5.512346,38.892994
01/09/2022,369113,5985,1708669,1399256,26251,2117522,1159699,1195606,0,,-5.308642,48.624096
01/10/2022,378363,6022,1713314,1402002,26326,2117522,1159699,1195606,0,,-6.895062,54.954819
01/11/2022,381295,6047,1714587,1402654,26411,2117522,1159699,1195606,0,,-7.216049,52.762514
01/12/2022,388207,6075,1716525,1403771,26495,2117522,1159699,1195606,0,,-10.12963,36.760335
01/13/2022,393736,6111,1719946,1405836,26596,2117522,1159699,1195606,0,,-10.012346,32.680356
01/14/2022,398939,6147,1722943,1407585,26682,2117522,1159699,1195606,0,,-8.691358,32.082302
01/15/2022,398939,6147,1722943,1407585,26788,2117522,1159699,1195606,0,,-8.358025,41.801198
01/16/2022,398939,6147,1725960,1408798,26871,2117522,1159699,1195606,0,,-10.888889,38.490346
01/17/2022,398939,6147,1725960,1408798,26956,2117522,1159699,1195606,0,,-13.407407,30.381628
01/18/2022,420192,6179,1732360,1411189,27064,2117522,1159699,1195606,0,,-8.598765,33.597075
01/19/2022,425920,6207,1746522,1419762,27183,2117522,1159699,1195606,0,,-2.617284,52.536748
01/20/2022,431887,6231,1750921,1422079,27301,2117522,1159699,1195606,0.141111,,-5.17284,62.440927
01/21/2022,437934,6261,1753326,1423553,27412,2117522,1159699,1195606,0.2794,,-7.746914,54.764407
01/22/2022,437934,6261,1756111,1424690,27525,2117522,1159699,1195606,0,,-6.969136,52.452749
01/23/2022,437934,6261,1756655,1424977,27636,2117522,1159699,1195606,0,,-7.351852,53.435765
01/24/2022,452616,6294,1760773,1426434,27728,2117522,1159699,1195606,0,,-7.098765,49.373382
01/25/2022,455947,6319,1761995,1426831,27831,2117522,1159699,1195606,0,,-10.425926,36.588449
01/26/2022,460062,6359,1763741,1427860,27926,2117522,1159699,1195606,0.4445,,-6.697531,52.756204
01/27/2022,465244,6393,1765517,1429035,28034,2117522,1159699,1195606,0.1524,,-8.419753,52.640308
01/28/2022,470513,6419,1767541,1430308,28127,2117522,1159699,1195606,0.435429,,-8.345679,51.808151
01/29/2022,470513,6419,1769498,1431405,28213,2117522,1159699,1195606,0,,-12.5,38.466149
01/30/2022,470513,6419,1771672,1432888,28307,2117522,1159699,1195606,0.028222,,-13.666667,32.864923
01/31/2022,480087,6456,1771672,1432888,28401,2117522,1159699,1195606,0.112889,,-6.54321,49.898259
02/01/2022,481852,6475,1773679,1434048,28492,2117522,1159699,1195606,0.0254,,-11.919753,27.843954
02/02/2022,484454,6490,1775094,1435181,28630,2117522,1159699,1195606,0.217714,,-7.401235,47.348512
02/03/2022,487604,6518,1775094,1435181,28733,2117522,1159699,1195606,3.46075,30.48,-11.901235,76.135871
02/04/2022,489701,6536,1778068,1437582,28809,2117522,1159699,1195606,0.3302,30.48,-14.240741,67.455855
02/05/2022,489701,6536,1779094,1438413,28894,2117522,1159699,1195606,0,,-12.37037,61.255924
02/06/2022,489701,6537,1780756,1439830,28964,2117522,1159699,1195606,0,,-9.833333,54.267648
02/07/2022,494368,6557,1781823,1440742,29049,2117522,1159699,1195606,0,,-7.611111,61.037776
02/08/2022,495769,6563,1782569,1441409,29113,2117522,1159699,1195606,0,,-8.796296,47.561698
02/09/2022,497570,6599,1783631,1442345,29175,2117522,1159699,1195606,0,,-8.701389,41.746399
02/10/2022,499392,6631,1784890,1443450,29242,2117522,1159699,1195606,0,,-9.296296,34.323289
02/11/2022,500516,6660,1786267,1444944,29290,2117522,1159699,1195606,0,,-8,32.742865
02/12/2022,500516,6660,1787454,1446154,29367,2117522,1159699,1195606,0,,-6.302469,47.353526
02/13/2022,500516,6660,1788917,1447536,29422,2117522,1159699,1195606,0.0254,,-9.055556,41.033126
02/14/2022,503623,6686,1789696,1448371,29467,2117522,1159699,1195606,0,,-12.839506,26.117269
02/15/2022,504287,6713,1790622,1449427,29519,2117522,1159699,1195606,0,,-14.697531,18.879869
02/16/2022,505359,6731,1790622,1449427,29567,2117522,1159699,1195606,0,,-13.549383,17.735959
02/17/2022,506348,6748,1792707,1451983,29610,2117522,1159699,1195606,0.508,50.8,-5.654321,56.23647
02/18/2022,507322,6777,1794196,1453245,29649,2117522,1159699,1195606,0.9652,,-7.746914,53.642912
02/19/2022,507323,6777,1795147,1454046,29684,2117522,1159699,1195606,0,,-10.45679,35.681567
02/20/2022,507323,6777,1795147,1454046,29725,2117522,1159699,1195606,0.0508,,-12.104938,25.737812
02/21/2022,508863,6796,1795147,1454046,29759,2117522,1159699,1195606,0,,-13.530864,18.195921
02/22/2022,509178,6823,1796868,1455661,29795,2117522,1159699,1195606,0,,-9.617284,28.297445
02/23/2022,509710,6853,1797494,1456275,29837,2117522,1159699,1195606,0,,-14.981481,26.529049
02/24/2022,510330,6875,1800199,1458010,29871,2117522,1159699,1195606,0.3175,30.48,-12.839506,35.873717
02/25/2022,510783,6905,1801082,1458914,29905,2117522,1159699,1195606,0,50.8,-15.574074,30.96699
02/26/2022,510783,6905,1801854,1459545,29932,2117522,1159699,1195606,0,,-12.472222,30.595937
02/27/2022,510783,6905,1801854,1459545,29954,2117522,1159699,1195606,0,,-16.409722,23.962421
02/28/2022,511434,6921,1803221,1460782,29979,2117522,1159699,1195606,0,,-16.524691,19.584609
03/01/2022,512120,6927,1803649,1461194,30007,2117522,1159699,1195606,0,,-15.790123,16.81726
03/02/2022,512550,6941,1803649,1461194,30033,2117522,1159699,1195606,0,,-15.592593,14.171472
03/03/2022,512938,6958,1804166,1461707,30062,2117522,1159699,1195606,0,,-14.907407,15.349344
03/04/2022,513311,6974,1805814,1463033,30092,2117522,1159699,1195606,0,,-3.055556,30.119547
03/05/2022,513311,6974,1806533,1463708,30107,2117522,1159699,1195606,0.0762,,-8.648148,26.903069
03/06/2022,513311,6974,1807333,1464511,30128,2117522,1159699,1195606,0,,-12.256944,26.696822
03/07/2022,513994,6990,1807762,1464889,30145,2117522,1159699,1195606,0.0508,,-13.833333,33.936294
03/08/2022,514170,7012,1807881,1465056,30172,2117522,1159699,1195606,0.127,30.48,-12.118056,36.805363
03/09/2022,514511,7028,1808351,1465546,30188,2117522,1159699,1195606,0,30.48,-18.722222,20.909955
03/10/2022,514901,7042,1809020,1466191,30210,2117522,1159699,1195606,0,,-12.469136,24.332175
03/11/2022,515164,7052,1809020,1466191,30230,2117522,1159699,1195606,0.846667,,-7.82716,51.226361
03/12/2022,515164,7052,1809610,1466852,30246,2117522,1159699,1195606,0.6604,,-11.098765,36.593714
03/13/2022,515164,7052,1810171,1467334,30259,2117522,1159699,1195606,0,,-11.179012,27.522233
03/14/2022,515554,7080,1811103,1468159,30278,2117522,1159699,1195606,0,,-11.358025,20.931955
03/15/2022,515656,7105,1811333,1468350,30292,2117522,1159699,1195606,0,,-11.402778,24.612721
03/16/2022,515849,7118,1811658,1468726,30312,2117522,1159699,1195606,0,,-12.423611,17.89313
03/17/2022,516055,7130,1812251,1469183,30330,2117522,1159699,1195606,0,,-7.465278,30.435831
03/18/2022,516171,7145,1813531,1470224,30342,2117522,1159699,1195606,1.524,,-5.784722,48.3843
03/19/2022,516171,7145,1814031,1470575,30352,2117522,1159699,1195606,0,,-13.9375,21.186153
03/20/2022,516210,7147,1814143,1470656,30361,2117522,1159699,1195606,0,,-14.694444,14.915775
03/21/2022,516549,7159,1814195,1470677,30371,2117522,1159699,1195606,0.338667,,-4.423611,38.134561
03/22/2022,516661,7173,1815000,1471353,30383,2117522,1159699,1195606,4.035778,,0.381944,86.460743
03/23/2022,516889,7182,1815544,1471836,30400,2117522,1159699,1195606,4.092222,50.8,-2.75,65.744761
03/24/2022,517082,7199,1815544,1471836,30411,2117522,1159699,1195606,0.9906,50.8,-6.402778,37.031942
03/25/2022,517225,7208,1816669,1472726,30426,2117522,1159699,1195606,0,,-6.354167,27.022581
03/26/2022,517225,7208,1817174,1473127,30439,2117522,1159699,1195606,0,,-7.423611,22.717538
03/27/2022,517225,7208,1817777,1473591,30449,2117522,1159699,1195606,0,,-8.888889,17.979901
03/28/2022,517526,7221,1818028,1473817,30463,2117522,1159699,1195606,0,,-10.944444,15.501795
03/29/2022,517608,7236,1818162,1473957,30471,2117522,1159699,1195606,0,,-5.583333,25.728739
03/30/2022,517742,7257,1818632,1474390,30481,2117522,1159699,1195606,0,,-1.743056,49.060654
03/31/2022,517858,7276,1819275,1474951,30492,2117522,1159699,1195606,0.5842,,-5.194444,37.535009
04/01/2022,517951,7281,1819785,1475382,30503,2117522,1159699,1195606,0.084667,,-2.881944,37.903439
04/02/2022,517951,7281,1820579,1476026,30510,2117522,1159699,1195606,0,,-6.715278,26.266678
04/03/2022,517951,7281,1821253,1476626,30514,2117522,1159699,1195606,0,,-7.5,19.926244
04/04/2022,518470,7295,1821671,1476969,30519,2117522,1159699,1195606,0,,-7.618056,23.601354
04/05/2022,518557,7317,1822056,1477316,30524,2117522,1159699,1195606,0,,-7.159722,19.463476
04/06/2022,518705,7335,1822538,1477737,30531,2117522,1159699,1195606,0,,-11.098765,14.159422
04/07/2022,518820,7353,1822962,1478153,30539,2117522,1159699,1195606,0,,-19.709877,10.168086
04/08/2022,518941,7362,1823663,1478741,30547,2117522,1159699,1195606,0,,-17.62963,12.129337
04/09/2022,518941,7362,1824501,1479483,30555,2117522,1159699,1195606,0,,-16.462963,10.705709
04/10/2022,518941,7362,1825355,1480049,30561,2117522,1159699,1195606,0,,-12.518519,10.957163
04/11/2022,519262,7375,1825876,1480420,30567,2117522,1159699,1195606,0,,-6.240741,21.042992
04/12/2022,519342,7385,1826206,1480641,30575,2117522,1159699,1195606,0,,-5.123457,20.71322
04/13/2022,519510,7392,1826835,1481113,30584,2117522,1159699,1195606,0,,-13.561728,20.061595
04/14/2022,519681,7402,1827587,1481735,30591,2117522,1159699,1195606,0,,-21.796296,8.864555
04/15/2022,519833,7412,1828403,1482407,30605,2117522,1159699,1195606,0.0762,,-15.734568,10.107959
04/16/2022,519833,7412,1829236,1483141,30615,2117522,1159699,1195606,0,,-15.895062,9.02906
04/17/2022,519833,7412,1829835,1483619,30617,2117522,1159699,1195606,0,,-13.604938,10.300683
04/18/2022,520288,7418,1830269,1483929,30625,2117522,1159699,1195606,0,,-14.141975,12.161066
04/19/2022,520402,7429,1830507,1484082,30632,2117522,1159699,1195606,0,,-3.598765,23.240218
04/20/2022,520591,7436,1831040,1484443,30640,2117522,1159699,1195606,0,,-11.419753,10.228068
04/21/2022,520828,7438,1831919,1485617,30654,2117522,1159699,1195606,0,,-11.530864,11.127854
04/22/2022,521018,7444,1832678,1486207,30666,2117522,1159699,1195606,0,,-9.475309,12.697253
04/23/2022,521018,7444,1833415,1486884,30674,2117522,1159699,1195606,0,,-8.555556,18.267243
04/24/2022,521018,7444,1834282,1487500,30678,2117522,1159699,1195606,0,,-12.148148,16.751425
04/25/2022,521432,7447,1834697,1487848,30683,2117522,1159699,1195606,0,,-9.41358,21.397904
04/26/2022,521583,7456,1834960,1488029,30691,2117522,1159699,1195606,0,,-3.691358,28.795904
04/27/2022,521823,7465,1835229,1488237,30700,2117522,1159699,1195606,0,,2.401235,34.84501
04/28/2022,522094,7486,1836260,1488965,30709,2117522,1159699,1195606,0,,-12.623457,10.606204
04/29/2022,522329,7501,1837279,1489688,30722,2117522,1159699,1195606,0,,-13.104938,10.155423
04/30/2022,522329,7501,1837743,1490068,30727,2117522,1159699,1195606,0,,-15.54321,9.699895
05/01/2022,522329,7501,1838446,1490635,30732,2117522,1159699,1195606,0,,-12.055556,11.526428
05/02/2022,522857,7518,1838772,1490899,30739,2117522,1159699,1195606,0,,-12.703704,9.850717
05/03/2022,523023,7530,1839087,1491070,30743,2117522,1159699,1195606,0,,-8.302469,15.69675
05/04/2022,523268,7538,1839561,1491406,30751,2117522,1159699,1195606,0,,-9.08642,14.139116
05/05/2022,523621,7549,1839561,1491406,30760,2117522,1159699,1195606,0,,-11.660494,14.936585
05/06/2022,523940,7564,1841110,1492602,30766,2117522,1159699,1195606,0,,-11.666667,11.663479
05/07/2022,523940,7564,1841721,1493014,30774,2117522,1159699,1195606,0,,-12.512346,8.908839
05/08/2022,523940,7558,1842295,1493497,30779,2117522,1159699,1195606,0,,-10.345679,9.616096
05/09/2022,524644,7570,1842597,1493703,30791,2117522,1159699,1195606,0,,-9.135802,11.286936
05/10/2022,524895,7583,1842847,1493871,30802,2117522,1159699,1195606,0,,-9.919753,11.093735
05/11/2022,525249,7596,1843261,1494120,30815,2117522,1159699,1195606,0,,-9.969136,11.015019
05/12/2022,525751,7602,1844216,1494796,30825,2117522,1159699,1195606,0,,-11.283951,9.557089
05/13/2022,526137,7609,1844762,1495252,30840,2117522,1159699,1195606,0,,-22.481481,4.726054
05/14/2022,526137,7609,1845425,1495712,30851,2117522,1159699,1195606,0,,-19.549383,5.896887
05/15/2022,526137,7609,1846137,1496258,30862,2117522,1159699,1195606,0,,-16.987654,6.339815
05/16/2022,527161,7625,1846466,1496493,30876,2117522,1159699,1195606,0,,-6.808642,15.724761
05/17/2022,527534,7640,1846702,1496642,30894,2117522,1159699,1195606,0.0254,,-11.092593,10.123902
05/18/2022,528146,7652,1847118,1496945,30912,2117522,1159699,1195606,0,,-10.617284,9.72922
05/19/2022,528699,7666,1847716,1497370,30926,2117522,1159699,1195606,0,,-9.061728,10.546819
05/20/2022,529336,7677,1848289,1497785,30941,2117522,1159699,1195606,0,,-8.876543,10.592108
05/21/2022,529336,7677,1848906,1498239,30959,2117522,1159699,1195606,0,,-4.135802,20.237629
05/22/2022,529336,7677,1849580,1498727,30975,2117522,1159699,1195606,0,,-1.796296,33.849257
05/23/2022,530772,7686,1849932,1498983,30986,2117522,1159699,1195606,0,,-1.197531,27.836311
05/24/2022,531309,7702,1850229,1499158,31007,2117522,1159699,1195606,0,,-3.209877,25.716088
05/25/2022,532240,7734,1850229,1499158,31022,2117522,1159699,1195606,0,,-4.716049,26.436336
05/26/2022,533074,7758,1851268,1499885,31045,2117522,1159699,1195606,0,,-7.024691,15.330779
05/27/2022,533867,7780,1851948,1500445,31062,2117522,1159699,1195606,0,,-8.91358,10.825537
05/28/2022,533867,7780,1851948,1500445,31086,2117522,1159699,1195606,0,,-7.734568,10.810472
05/29/2022,533867,7780,1851948,1500445,31093,2117522,1159699,1195606,0,,-12.833333,8.017208
05/30/2022,533867,7780,1851948,1500445,31107,2117522,1159699,1195606,0,,-6.691358,13.853603
05/31/2022,536017,7793,1853338,1501592,31124,2117522,1159699,1195606,0,,-8.574074,12.14283
06/01/2022,536571,7799,1853867,1501918,31155,2117522,1159699,1195606,0.0762,,-2.395062,20.97217
06/02/2022,537552,7805,1853965,1501981,31181,2117522,1159699,1195606,0,,7.197531,45.79229
06/03/2022,538629,7825,1854828,1502657,31208,2117522,1159699,1195606,1.42875,,5.979167,40.746954
06/04/2022,538629,7825,1855430,1503127,31232,2117522,1159699,1195606,0,,-2.756944,19.592288
06/05/2022,538629,7825,1856088,1503547,31250,2117522,1159699,1195606,0,,-7.604167,11.4211
06/06/2022,540931,7846,1856339,1503711,31268,2117522,1159699,1195606,0,,-3.138889,14.649998
06/07/2022,541646,7851,1856499,1503791,31285,2117522,1159699,1195606,0,,0.076389,17.931395
06/08/2022,542746,7864,1857141,1504265,31309,2117522,1159699,1195606,0,,2.597222,24.397674
06/09/2022,543882,7868,1857704,1504662,31334,2117522,1159699,1195606,2.229556,,8.111111,36.761526
06/10/2022,544867,7875,1858267,1505084,31360,2117522,1159699,1195606,1.4986,,2.777778,22.576523
06/11/2022,544867,7875,1858801,1505486,31379,2117522,1159699,1195606,0,,-1.771605,13.578629
06/12/2022,544867,7875,1859324,1505863,31404,2117522,1159699,1195606,0,,0.864198,17.726283
06/13/2022,547351,7865,1859605,1506066,31434,2117522,1159699,1195606,0,,-1.123457,14.349727
06/14/2022,548119,7867,1859830,1506185,31459,2117522,1159699,1195606,0,,-0.808642,15.681822
06/15/2022,549246,7871,1859923,1506245,31482,2117522,1159699,1195606,0,,-3.382716,13.750569
06/16/2022,550337,7874,1860095,1506364,31506,2117522,1159699,1195606,0.5334,,-2.345679,15.600971
06/17/2022,551614,7885,1860095,1506364,31544,2117522,1159699,1195606,0,,8.173611,34.573663
06/18/2022,551614,7885,1860095,1506364,31567,2117522,1159699,1195606,2.667,,10.979167,48.909713
06/19/2022,551614,7885,1860095,1506364,31581,2117522,1159699,1195606,1.87325,,10.9375,51.301111
06/20/2022,551614,7885,1860095,1506364,31611,2117522,1159699,1195606,2.721429,,11.576389,56.697062
06/21/2022,554671,7885,1860095,1506364,31642,2117522,1159699,1195606,7.257143,,13.166667,71.229775
06/22/2022,555592,7893,1860095,1506364,31676,2117522,1159699,1195606,17.235714,,14.583333,79.88017
06/23/2022,557008,7901,1863068,1508324,31719,2117522,1159699,1195606,9.361714,,14.236111,65.18793
06/24/2022,558259,7907,1863068,1508324,31755,2117522,1159699,1195606,1.143,,9.790123,41.656305
06/25/2022,558259,7907,1863068,1508324,31793,2117522,1159699,1195606,0,,10.524691,45.768675
06/26/2022,558259,7907,1863068,1508324,31831,2117522,1159699,1195606,4.1275,,12.777778,68.290524
06/27/2022,560929,7913,1863068,1508324,31867,2117522,1159699,1195606,5.6515,,12.845679,73.208374
06/28/2022,561665,7926,1863068,1508324,31895,2117522,1159699,1195606,3.725333,,12.851852,65.421646
06/29/2022,562791,7930,1863068,1508324,31930,2117522,1159699,1195606,0.762,,10.475309,44.382635
06/30/2022,563848,7943,1867238,1509192,31967,2117522,1159699,1195606,0,,9.765432,39.319362
07/01/2022,564678,7948,1867238,1509192,31994,2117522,1159699,1195606,0,,9.530864,38.525272
07/02/2022,564678,7948,1867238,1509192,32027,2117522,1159699,1195606,0.725714,,11.450617,47.016581
07/03/2022,564678,7948,1867238,1509192,32061,2117522,1159699,1195606,0.471714,,11.04321,43.582747
07/04/2022,564678,7948,1867238,1509192,32095,2117522,1159699,1195606,0,,10.938272,43.45687
07/05/2022,567816,7952,1867238,1509192,32126,2117522,1159699,1195606,2.54,,13.660494,57.387785
07/06/2022,568434,7959,1867238,1509192,32149,2117522,1159699,1195606,0.112889,,10.604938,41.598612
07/07/2022,569619,7962,1870843,1510921,32170,2117522,1159699,1195606,0,,9.08642,37.597635
07/08/2022,570866,7965,1870843,1510921,32196,2117522,1159699,1195606,2.921,,10.049383,39.881256
07/09/2022,570866,7965,1870843,1510921,32225,2117522,1159699,1195606,0.60325,,10.839506,39.810596
07/10/2022,570866,7965,1870843,1510921,32259,2117522,1159699,1195606,0.725714,,10.854167,41.991734
07/11/2022,573339,7974,1870843,1510921,32276,2117522,1159699,1195606,0,,9.12963,33.89087
07/12/2022,574117,7992,1870843,1510921,32312,2117522,1159699,1195606,3.556,,10.419753,40.084088
07/13/2022,575279,8008,1870843,1510921,32351,2117522,1159699,1195606,3.77825,,11.240741,45.193032
07/14/2022,575862,8037,1874093,1512682,32385,2117522,1159699,1195606,0,,10.67284,38.841543
07/15/2022,577583,8058,1874093,1512682,32424,2117522,1159699,1195606,0.536222,,8.981481,32.24819
07/16/2022,577583,8058,1874093,1512682,32454,2117522,1159699,1195606,0,,7.265432,27.050657
07/17/2022,577583,8058,1874093,1512682,32479,2117522,1159699,1195606,0,,5.098765,23.879526
07/18/2022,579993,8081,1874093,1512682,32506,2117522,1159699,1195606,0,,5.969136,25.131889
07/19/2022,580887,8118,1874093,1512682,32540,2117522,1159699,1195606,0,,5.759259,22.863471
07/20/2022,582061,8140,1874093,1512682,32580,2117522,1159699,1195606,0.028222,,6.5,23.006372
07/21/2022,583366,8174,1877996,1515040,32621,2117522,1159699,1195606,0.544286,,9.524691,33.653001
07/22/2022,584404,8193,1877996,1515040,32646,2117522,1159699,1195606,0.689429,,9.271605,32.792715
07/23/2022,584404,8193,1877996,1515040,32675,2117522,1159699,1195606,0.53975,,10.092593,35.732053
07/24/2022,584404,8193,1877996,1515040,32716,2117522,1159699,1195606,1.735667,,11.117284,38.450943
07/25/2022,586711,8198,1877996,1515040,32744,2117522,1159699,1195606,1.61925,,11.666667,42.757604
07/26/2022,587656,8209,1877996,1515040,32779,2117522,1159699,1195606,1.397,,13.179012,51.418386
07/27/2022,588805,8226,1877996,1515040,32805,2117522,1159699,1195606,5.1435,,12.728395,50.90193
07/28/2022,589993,8235,1881941,1517283,32844,2117522,1159699,1195606,0.979714,,13.240741,55.784104
07/29/2022,591041,8248,1881941,1517283,32867,2117522,1159699,1195606,5.334,,14.333333,62.892659
07/30/2022,591041,8248,1881941,1517283,32895,2117522,1159699,1195606,1.886857,,13.909722,59.963993
07/31/2022,591041,8248,1881941,1517283,32917,2117522,1159699,1195606,3.58775,,13.783951,56.663966
08/01/2022,593026,8259,1881941,1517283,32934,2117522,1159699,1195606,2.0828,,12.58642,45.95978
08/02/2022,593758,8263,1881941,1517283,32971,2117522,1159699,1195606,0.66675,,11.462963,41.478424
08/03/2022,594632,8269,1881941,1517283,33012,2117522,1159699,1195606,0.056444,,10.962963,38.299724
08/04/2022,595553,8275,1884615,1518464,33043,2117522,1159699,1195606,0.310444,,11.623457,42.579488
08/05/2022,596599,8284,1884615,1518464,33069,2117522,1159699,1195606,0.141111,,13.018519,46.386574
08/06/2022,596599,8284,1884615,1518464,33088,2117522,1159699,1195606,7.874,,12.111111,47.291382
08/07/2022,596599,8284,1884615,1518464,33107,2117522,1159699,1195606,0.41275,,11.462963,45.397835
08/08/2022,598395,8290,1884615,1518464,33149,2117522,1159699,1195606,0.592667,,11.592593,47.717526
08/09/2022,598960,8299,1884615,1518464,33175,2117522,1159699,1195606,3.753556,,11.845679,49.644231
08/10/2022,599757,8305,1884615,1518464,33213,2117522,1159699,1195606,5.81025,,12.135802,53.335857
08/11/2022,600612,8309,1888322,1520957,33247,2117522,1159699,1195606,2.088444,,13.458333,58.359426
08/12/2022,601422,8314,1888322,1520957,33280,2117522,1159699,1195606,3.160889,,13.135802,59.444928
08/13/2022,601422,8314,1888322,1520957,33301,2117522,1159699,1195606,0.2032,,10.975309,46.059254
08/14/2022,601422,8314,1888322,1520957,33319,2117522,1159699,1195606,0,,8.858025,36.813367
08/15/2022,602930,8320,1888322,1520957,33356,2117522,1159699,1195606,0,,9.716049,37.46342
08/16/2022,603450,8323,1888322,1520957,33380,2117522,1159699,1195606,0.762,,10.962963,42.934691
08/17/2022,604185,8336,1888322,1520957,33406,2117522,1159699,1195606,0.1016,,12.808642,58.324334
08/18/2022,604812,8344,1891469,1522695,33429,2117522,1159699,1195606,6.575778,,14.092593,64.820467
08/19/2022,605490,8349,1891469,1522695,33448,2117522,1159699,1195606,1.8288,,13.790123,64.436225
08/20/2022,605490,8349,1891469,1522695,33465,2117522,1159699,1195606,12.050889,,15.722222,85.233044
08/21/2022,605490,8349,1891469,1522695,33486,2117522,1159699,1195606,19.275778,,14.296296,74.928499
08/22/2022,606805,8367,1891469,1522695,33506,2117522,1159699,1195606,2.159,,14.444444,68.893264
08/23/2022,607443,8380,1891469,1522695,33528,2117522,1159699,1195606,4.3434,,13.759259,66.741262
08/24/2022,608006,8388,1894203,1524249,33546,2117522,1159699,1195606,1.1938,,13.030864,59.736038
08/25/2022,608632,8394,,,33569,2117522,1159699,1195606,0.4318,,11.561728,53.566887
08/26/2022,609204,8401,,,33587,2117522,1159699,1195606,0.0508,,11.296296,49.928734
08/27/2022,609204,8401,,,33609,2117522,1159699,1195606,1.3335,,13.291667,57.756318
08/28/2022,609204,8401,,,33624,2117522,1159699,1195606,0,,10.736111,48.768888
08/29/2022,610439,8421,,,33649,2117522,1159699,1195606,0,,7.95679,36.223176
08/30/2022,610870,8434,,,33679,2117522,1159699,1195606,0.423333,,9.12963,44.48113
08/31/2022,611310,8449,1896696,1525805,33704,2117522,1159699,1195606,1.326444,,13.104938,63.76901
09/01/2022,611765,8467,,,33721,2117522,1159699,1195606,1.636889,,12.438272,59.340084
09/02/2022,612146,8471,,,33740,2117522,1159699,1195606,0.15875,,10.756944,50.891809
09/03/2022,612146,8471,,,33757,2117522,1159699,1195606,0.41275,,9.055556,45.174598
09/04/2022,612146,8471,,,33775,2117522,1159699,1195606,0.60325,,9.631944,50.809173
09/05/2022,612146,8471,,,33793,2117522,1159699,1195606,0,,6.909722,38.7696
09/06/2022,613025,8473,,,33812,2117522,1159699,1195606,0,,6.438272,34.80246
09/07/2022,613277,8477,1898100,1527044,33837,2117522,1159699,1195606,0,,4.197531,29.575606
09/08/2022,613588,8481,1898100,1527044,33856,2117522,1159699,1195606,0,,5.074074,31.429953
09/09/2022,613896,8485,1898100,1527044,33877,2117522,1159699,1195606,0,,5.154321,32.304309
09/10/2022,613896,8485,1898100,1527044,33892,2117522,1159699,1195606,0,,7.041667,38.727982
09/11/2022,613896,8485,1898100,1527044,33902,2117522,1159699,1195606,2.624667,,10.993827,61.082977
09/12/2022,614669,8487,1898100,1527044,33913,2117522,1159699,1195606,0.5842,,9.839506,53.030315
09/13/2022,614890,8495,1898100,1527044,33925,2117522,1159699,1195606,0,,9.166667,48.786546
09/14/2022,615162,8499,1898100,1527044,33938,2117522,1159699,1195606,2.0828,,11.180556,66.92013
09/15/2022,,,1898100,1527044,33951,2117522,1159699,1195606,,,,
09/16/2022,,,,,,2117522,1159699,1195606,,,,
09/17/2022,,,,,,2117522,1159699,1195606,,,,
